model_key,prompt,seed,stage1_clip_score,stage1_aesthetic_score,stage1_latency_s,stage1_image_path,stage2_clip_score,stage2_aesthetic_score,stage2_latency_s,stage2_image_path
sd-turbo,car,2,20.389685034751892,5.7552995681762695,5.974905333016068,/Users/kevingeng07/Reffusion Project/benchmark/output_two_stage/images/sd-turbo/car/stage1_seed_2.png,17.53009855747223,5.580590724945068,8.955698000005214,/Users/kevingeng07/Reffusion Project/benchmark/output_two_stage/images/sd-turbo/car/stage2_seed_2.png
sd-turbo,car,15,19.406478106975555,6.279304504394531,6.970271541009424,/Users/kevingeng07/Reffusion Project/benchmark/output_two_stage/images/sd-turbo/car/stage1_seed_15.png,21.119263768196106,5.652092933654785,7.019401792000281,/Users/kevingeng07/Reffusion Project/benchmark/output_two_stage/images/sd-turbo/car/stage2_seed_15.png
sd-turbo,car,42,20.92672288417816,5.789544105529785,5.117870041984133,/Users/kevingeng07/Reffusion Project/benchmark/output_two_stage/images/sd-turbo/car/stage1_seed_42.png,20.59796154499054,6.281765460968018,4.986016084003495,/Users/kevingeng07/Reffusion Project/benchmark/output_two_stage/images/sd-turbo/car/stage2_seed_42.png
sd-turbo,car,64,16.22823476791382,5.589133262634277,5.285717291990295,/Users/kevingeng07/Reffusion Project/benchmark/output_two_stage/images/sd-turbo/car/stage1_seed_64.png,18.624870479106903,5.146668910980225,5.159028499998385,/Users/kevingeng07/Reffusion Project/benchmark/output_two_stage/images/sd-turbo/car/stage2_seed_64.png
sd-turbo,car,65,14.796680212020874,6.037729740142822,8.84301220800262,/Users/kevingeng07/Reffusion Project/benchmark/output_two_stage/images/sd-turbo/car/stage1_seed_65.png,19.376051425933838,6.1300153732299805,6.353112000011606,/Users/kevingeng07/Reffusion Project/benchmark/output_two_stage/images/sd-turbo/car/stage2_seed_65.png
sd-turbo,car,76,23.966823518276215,5.358034133911133,5.209375000005821,,23.32024574279785,5.098449230194092,4.641300624993164,
sd-turbo,car,83,18.353474140167236,6.387024879455566,5.385546667006565,,20.7407146692276,6.141958713531494,4.7395106659969315,
sd-turbo,car,94,18.417145311832428,6.2360429763793945,4.722872708021896,,21.65747433900833,6.260618209838867,4.569901958020637,
sd-turbo,car,96,21.0185706615448,6.7123589515686035,5.404165416985052,,17.539608478546143,5.38595724105835,5.211792125017382,
sd-turbo,car,98,16.281971335411072,6.30006217956543,5.1671099579834845,,20.544548332691193,5.51668643951416,5.103237832983723,
sd-turbo,car,102,16.702555119991302,5.720700263977051,5.075107332988409,,20.473188161849976,5.471930980682373,5.158050625002943,
sd-turbo,car,104,21.134869754314423,6.212502479553223,5.532641041994793,,18.21541339159012,5.818868637084961,4.921743665996473,
sd-turbo,car,143,19.685491919517517,5.744452953338623,4.911770417005755,,20.58103233575821,5.062962532043457,5.206230749987299,
sd-turbo,car,144,14.839038252830505,5.833227157592773,4.62744858302176,,22.7215975522995,6.598114013671875,4.216015000012703,
sd-turbo,car,146,20.437970757484436,5.713476181030273,5.683489708986599,,20.05058526992798,5.566208362579346,4.873211875004927,
sd-turbo,car,151,17.6410049200058,5.624285697937012,5.510625584021909,,16.93686842918396,4.759469032287598,4.851361542008817,
sd-turbo,car,196,17.286938428878784,5.750520706176758,4.879210624989355,,23.37687313556671,5.867695331573486,4.933220417005941,
sd-turbo,car,210,17.383812367916107,5.867204666137695,4.957107124995673,,19.846929609775543,6.224869728088379,4.978880999988178,
sd-turbo,car,224,19.856899976730347,5.755435466766357,5.4900467910047155,,19.438078999519348,6.030794143676758,4.8099276249995455,
sd-turbo,car,228,19.493180513381958,5.849788665771484,4.9541148749995045,,20.91238647699356,5.820592880249023,4.106244915979914,
sd-turbo,car,245,19.15765106678009,5.583918571472168,5.2081804999907035,,21.36087417602539,5.616943359375,4.298514999973122,
sd-turbo,car,250,20.03016024827957,5.7729105949401855,4.880259000026854,,18.37930679321289,5.314256191253662,4.988698667002609,
sd-turbo,car,257,19.091030955314636,5.422752380371094,4.108039625018137,,18.163277208805084,6.333776473999023,3.978740958002163,
sd-turbo,car,266,19.864089787006378,6.1790266036987305,5.320724833989516,,18.277209997177124,5.510873317718506,4.6707747080072295,
sd-turbo,car,267,20.424866676330566,6.199393272399902,4.94542316699517,,20.99614292383194,5.658985137939453,3.494074999995064,
sd-turbo,car,289,22.752292454242706,4.8666768074035645,4.9261027080065105,,19.338400661945343,5.247580528259277,4.034017915982986,
sd-turbo,car,311,19.277264177799225,5.304563522338867,4.330559083988192,,19.469019770622253,4.917207717895508,3.677402125002118,
sd-turbo,car,318,21.199803054332733,5.651642799377441,3.4087750840117224,,21.867352724075317,5.750785827636719,3.6145237080054358,
sd-turbo,car,324,16.40278398990631,5.824040412902832,3.3623762920033187,,21.473832428455353,5.345714569091797,3.8040289169875905,
sd-turbo,car,328,21.18474543094635,5.982373237609863,4.076973999995971,,20.173197984695435,6.5370378494262695,8.54245170901413,
sd-turbo,car,334,19.43916082382202,5.391422271728516,11.05738424998708,,21.225513517856598,4.591272354125977,7.1473537090059835,
sd-turbo,car,339,23.169827461242676,6.111253261566162,4.578979624988278,,22.378456592559814,4.846031188964844,4.83061208401341,
sd-turbo,car,342,15.299203991889954,6.003201484680176,8.041578791977372,,15.402130782604218,4.81038236618042,5.5252216669905465,
sd-turbo,car,363,21.452096104621887,5.200920104980469,7.435918957984541,,21.532335877418518,5.371878623962402,5.419549291022122,
sd-turbo,car,367,14.584964513778687,5.575806140899658,7.09282562500448,,20.387546718120575,4.9283952713012695,4.274174749996746,
sd-turbo,car,395,17.880669236183167,5.5839691162109375,4.363050749991089,,21.70708477497101,5.164715766906738,4.400052707991563,
sd-turbo,car,409,21.332013607025146,5.420854568481445,4.356338582991157,,17.858847975730896,5.220435619354248,5.525048499985132,
sd-turbo,car,415,18.237614631652832,5.534891605377197,9.386184124974534,,21.226420998573303,5.77888298034668,10.872426832997007,
sd-turbo,car,431,12.857618927955627,5.440794944763184,10.51143654200132,,20.317594707012177,5.883980751037598,10.469592750014272,
sd-turbo,car,445,18.90195906162262,5.830172061920166,6.736956833017757,,22.424252331256866,4.791203022003174,5.846538957994198,
sd-turbo,car,454,18.465621769428253,6.535031318664551,7.140065374987898,,23.999637365341187,5.401736259460449,4.646460875024786,
sd-turbo,car,459,17.506983876228333,5.609251976013184,8.924665541999275,,20.04327028989792,5.027169227600098,5.9109629999729805,
sd-turbo,car,484,17.644205689430237,5.799604415893555,4.75821120798355,,20.587164163589478,5.22810697555542,4.528052083012881,
sd-turbo,car,489,20.14957368373871,5.593516826629639,4.5671723329869565,,18.80708932876587,5.857355117797852,3.789805709006032,
sd-turbo,car,498,21.0500568151474,6.2287278175354,5.897174833022291,,19.658073782920837,6.125822067260742,6.670017374999588,
sd-turbo,car,506,21.32304012775421,6.502004623413086,8.410585167002864,,20.837262272834778,5.994518280029297,6.295307583000977,
sd-turbo,car,517,18.522711098194122,5.784700870513916,8.570917334000114,,21.543651819229126,5.787904739379883,8.785063084011199,
sd-turbo,car,521,16.636647284030914,6.2798542976379395,6.8759081669850275,,17.985303699970245,5.780424118041992,5.950096124986885,
sd-turbo,car,524,19.809898734092712,5.054823875427246,4.449650666996604,,20.288921892642975,5.606168746948242,6.8975466250267345,
sd-turbo,car,534,19.22246664762497,6.096126556396484,4.932694666000316,,20.360839366912842,6.082301616668701,8.031133917014813,
sd-turbo,car,546,17.770923674106598,5.80794620513916,5.8696428750117775,,19.661521911621094,5.1447296142578125,6.044234125001822,
sd-turbo,car,557,19.14837956428528,5.459846496582031,4.878991750010755,,19.22653019428253,5.122835636138916,4.739605042006588,
sd-turbo,car,562,16.891352832317352,5.945366859436035,5.796007666009245,,18.08122992515564,5.8188676834106445,3.9675587920064572,
sd-turbo,car,566,18.511390686035156,5.812532424926758,6.40011700001196,,22.09543287754059,5.492328643798828,5.936791457992513,
sd-turbo,car,574,17.044956982135773,5.868369102478027,5.137570041988511,,20.60811221599579,5.773414134979248,4.468613542005187,
sd-turbo,car,582,21.307507157325745,4.97722864151001,5.167125209001824,,19.368988275527954,5.042095184326172,5.001732959004585,
sd-turbo,car,598,18.022266030311584,5.999563217163086,4.258672416006448,,20.139211416244507,5.453883647918701,3.7603761249920353,
sd-turbo,car,617,21.86489999294281,5.814486026763916,3.116991666989634,,21.67115956544876,4.877806663513184,3.825818999990588,
sd-turbo,car,626,17.744633555412292,6.410975456237793,3.5347155409981497,,18.04650127887726,5.83251953125,3.677858875016682,
sd-turbo,car,627,11.603277921676636,5.7191057205200195,3.553582499996992,,18.579138815402985,5.8229451179504395,3.611093624989735,
sd-turbo,car,634,20.925994217395782,5.821500301361084,4.0679537919932045,,22.602757811546326,5.43510627746582,4.099839082977269,
sd-turbo,car,641,20.581655204296112,5.641607284545898,3.9960647920088377,,20.189538598060608,5.7887115478515625,3.575340540992329,
sd-turbo,car,656,14.289478957653046,5.561539649963379,4.070816916995682,,19.870281219482422,5.794562816619873,4.512665292015299,
sd-turbo,car,685,25.521624088287354,5.980465412139893,4.107749834016431,,21.379759907722473,5.072498321533203,3.5581392089952715,
sd-turbo,car,701,19.894148409366608,6.52601957321167,3.551383625017479,,18.544545769691467,5.642153739929199,4.150241708994145,
sd-turbo,car,721,23.396191000938416,5.722908020019531,3.218402166996384,,21.908318996429443,5.583615303039551,4.246858416998293,
sd-turbo,car,723,17.541074752807617,5.70424747467041,3.966916042001685,,17.831256985664368,6.139708518981934,4.042675083008362,
sd-turbo,car,728,15.435154736042023,5.759003639221191,4.75782554098987,,19.432830810546875,5.778076648712158,4.561307583004236,
sd-turbo,car,737,18.36288571357727,6.485622406005859,4.194513458001893,,20.853690803050995,5.88247013092041,3.624819332995685,
sd-turbo,car,748,20.968468487262726,4.747547626495361,3.749016332993051,,19.545218348503113,5.402647495269775,3.5482169590250123,
sd-turbo,car,774,16.391916573047638,6.135916233062744,3.924638166994555,,19.844388961791992,5.626588821411133,4.4656901249836665,
sd-turbo,car,777,17.32775568962097,4.7843918800354,4.4532167080033105,,19.235515594482422,5.426474094390869,3.6598380419891328,
sd-turbo,car,803,18.117251992225647,6.1914167404174805,4.09428770901286,,18.13259869813919,6.094703674316406,3.5098392909858376,
sd-turbo,car,804,17.397215962409973,6.4164557456970215,3.058545417006826,,20.775718986988068,6.098031044006348,3.768975874991156,
sd-turbo,car,819,17.891505360603333,6.011716365814209,3.861913792003179,,12.148815393447876,5.616734504699707,3.499257999996189,
sd-turbo,car,823,16.93360060453415,5.643246650695801,4.3254978750192095,,20.8329439163208,6.439516067504883,4.132262166996952,
sd-turbo,car,825,17.146365344524384,5.3893938064575195,3.788017208018573,,20.059528946876526,5.64369010925293,4.729671416978817,
sd-turbo,car,830,20.509424805641174,5.538629531860352,4.2057538329972886,,20.140573382377625,6.1731133460998535,3.602002249972429,
sd-turbo,car,845,18.057872354984283,5.251408576965332,3.136142832983751,,16.97033941745758,5.422965049743652,3.524286999978358,
sd-turbo,car,848,20.83051949739456,5.200294494628906,3.344433124992065,,19.135887920856476,6.280454635620117,3.6474747080064844,
sd-turbo,car,850,20.57380974292755,5.9409894943237305,3.2096312080102507,,18.482476472854614,5.256653308868408,3.6529941670014523,
sd-turbo,car,861,19.611963629722595,5.8419342041015625,3.6907099169911817,,21.052652597427368,5.653996467590332,3.4752431669912767,
sd-turbo,car,865,23.060372471809387,5.281776428222656,3.829734415980056,,22.309644520282745,6.103299140930176,4.284635957999853,
sd-turbo,car,871,20.004160702228546,5.724863052368164,4.018220541009214,,19.685128331184387,5.636281490325928,3.566112874977989,
sd-turbo,car,887,16.854415833950043,6.239672660827637,3.6478650420031045,,21.450722217559814,5.64068078994751,3.6052504169929307,
sd-turbo,car,889,19.150592386722565,5.7120280265808105,3.5084622080030385,,18.95725131034851,5.828847408294678,3.5629447910177987,
sd-turbo,car,892,13.672122359275818,5.674862384796143,3.2079878330114298,,19.262781739234924,5.899073600769043,3.505414707993623,
sd-turbo,car,897,20.582258701324463,4.364877700805664,3.2666203749831766,,21.261806786060333,5.115085124969482,5.742380207986571,
sd-turbo,car,910,21.28065824508667,5.871393203735352,6.712190416001249,,19.872674345970154,5.327124118804932,6.672687541984487,
sd-turbo,car,912,19.262616336345673,5.928731918334961,5.426054082985502,,21.59881591796875,5.079933166503906,6.839063249994069,
sd-turbo,car,914,17.34119802713394,6.056301116943359,4.886593957984587,,20.291173458099365,6.018848896026611,4.428765916003613,
sd-turbo,car,921,18.364469707012177,5.888384819030762,4.508011290978175,,19.53349858522415,5.105015754699707,4.619649541011313,
sd-turbo,car,924,20.254673063755035,6.093498706817627,4.531775499985088,,20.867356657981873,6.206792831420898,5.027213833003771,
sd-turbo,car,930,19.238924980163574,6.036258220672607,4.269994709000457,,21.621173620224,6.344483375549316,4.3153524580120575,
sd-turbo,car,932,21.953870356082916,5.844654083251953,4.245524416997796,,20.267705619335175,5.387290954589844,3.8884102500160225,
sd-turbo,car,935,20.84449827671051,5.322018623352051,4.590918708010577,,20.007383823394775,5.179325103759766,3.8310280829900876,
sd-turbo,car,941,17.826108634471893,5.915500640869141,4.21735945797991,,15.438523888587952,5.4177446365356445,3.9900167919986416,
sd-turbo,car,961,23.301485180854797,5.268551349639893,4.110335457982728,,18.668484687805176,4.633509159088135,3.7629963329818565,
sd-turbo,car,985,20.80855667591095,6.1585693359375,4.326284125010716,,21.669645607471466,5.3982110023498535,3.7663685000152327,
sd-turbo,car,989,19.00440901517868,5.859493732452393,3.8553139170107897,,19.772690534591675,5.321774482727051,3.7440032080048695,
sd-turbo,caucasian male,2,22.96217381954193,6.6561408042907715,4.554690874996595,/Users/kevingeng07/Reffusion Project/benchmark/output_two_stage/images/sd-turbo/caucasian-male/stage1_seed_2.png,24.007807672023773,6.811322212219238,3.6330987499968614,/Users/kevingeng07/Reffusion Project/benchmark/output_two_stage/images/sd-turbo/caucasian-male/stage2_seed_2.png
sd-turbo,caucasian male,15,22.04165607690811,7.055314064025879,4.046502416982548,/Users/kevingeng07/Reffusion Project/benchmark/output_two_stage/images/sd-turbo/caucasian-male/stage1_seed_15.png,23.571333289146423,6.938520908355713,3.607927958975779,/Users/kevingeng07/Reffusion Project/benchmark/output_two_stage/images/sd-turbo/caucasian-male/stage2_seed_15.png
sd-turbo,caucasian male,42,19.639283418655396,6.804245948791504,3.3733402079960797,/Users/kevingeng07/Reffusion Project/benchmark/output_two_stage/images/sd-turbo/caucasian-male/stage1_seed_42.png,18.67627203464508,6.782175064086914,4.4998683749872725,/Users/kevingeng07/Reffusion Project/benchmark/output_two_stage/images/sd-turbo/caucasian-male/stage2_seed_42.png
sd-turbo,caucasian male,64,20.31148225069046,5.928343772888184,3.963523374986835,/Users/kevingeng07/Reffusion Project/benchmark/output_two_stage/images/sd-turbo/caucasian-male/stage1_seed_64.png,23.224735260009766,6.852938175201416,3.925315833010245,/Users/kevingeng07/Reffusion Project/benchmark/output_two_stage/images/sd-turbo/caucasian-male/stage2_seed_64.png
sd-turbo,caucasian male,65,24.42385107278824,6.242600440979004,4.807733374997042,/Users/kevingeng07/Reffusion Project/benchmark/output_two_stage/images/sd-turbo/caucasian-male/stage1_seed_65.png,23.151180148124695,7.222232341766357,3.8712099579861388,/Users/kevingeng07/Reffusion Project/benchmark/output_two_stage/images/sd-turbo/caucasian-male/stage2_seed_65.png
sd-turbo,caucasian male,76,23.41236174106598,7.0531134605407715,3.8278187500254717,,22.725407779216766,6.9979705810546875,3.8936569590005092,
sd-turbo,caucasian male,83,23.18289875984192,6.870380401611328,3.3198252920119558,,20.91470956802368,6.955864906311035,3.8504059169790708,
sd-turbo,caucasian male,94,23.446519672870636,6.610877990722656,3.7555187079997268,,22.486965358257294,6.435790061950684,3.761460542009445,
sd-turbo,caucasian male,96,21.63931429386139,6.778979301452637,3.328734375012573,,23.8108292222023,6.811761856079102,3.5950810000067577,
sd-turbo,caucasian male,98,23.509889841079712,6.650223731994629,4.040361624996876,,20.734813809394836,6.850827693939209,3.5182244579773396,
sd-turbo,caucasian male,102,21.926042437553406,6.225009441375732,4.55533358300454,,19.586563110351562,6.809521675109863,3.8062214580131695,
sd-turbo,caucasian male,104,22.40585833787918,6.354788303375244,3.945807665993925,,21.499788761138916,6.867201328277588,3.7826181249984074,
sd-turbo,caucasian male,143,24.755829572677612,7.044654846191406,3.5245081660104915,,20.991332828998566,6.283103942871094,3.562561833008658,
sd-turbo,caucasian male,144,24.060580134391785,6.268223762512207,3.7082050000026356,,23.70699793100357,6.9205827713012695,4.061263416981092,
sd-turbo,caucasian male,146,25.14016628265381,6.3214216232299805,3.980993541976204,,22.36103266477585,6.853572845458984,3.6088742919964716,
sd-turbo,caucasian male,151,26.921051740646362,6.474472522735596,3.7183066669967957,,23.782026767730713,6.78292179107666,3.8683213329932187,
sd-turbo,caucasian male,196,24.938751757144928,5.894411563873291,4.075921375013422,,24.290594458580017,6.4583587646484375,4.1307434999907855,
sd-turbo,caucasian male,210,20.707979798316956,6.574470520019531,4.331457916996442,,21.558314561843872,6.732358455657959,3.968647374975262,
sd-turbo,caucasian male,224,22.239288687705994,6.282068252563477,4.3589750840037595,,22.970078885555267,7.031322956085205,3.8159888749942183,
sd-turbo,caucasian male,228,22.22859561443329,6.689910411834717,4.2196116669801995,,19.394870102405548,6.552324295043945,4.012783084006514,
sd-turbo,caucasian male,245,20.181918144226074,5.863805770874023,3.970596207975177,,22.631579637527466,6.56260347366333,3.4689738339802716,
sd-turbo,caucasian male,250,21.57474160194397,6.418855667114258,3.095454541995423,,23.219679296016693,6.484469890594482,4.1118026670010295,
sd-turbo,caucasian male,257,20.58981955051422,6.424962997436523,4.561405792017467,,21.274200081825256,6.85460901260376,3.493365125003038,
sd-turbo,caucasian male,266,22.201523184776306,5.736863136291504,4.185472332988866,,23.771831393241882,5.815645217895508,3.777939666993916,
sd-turbo,caucasian male,267,23.74628186225891,6.708827972412109,3.8826866669987794,,21.6386541724205,6.556546211242676,3.5534252079960424,
sd-turbo,caucasian male,289,24.23557937145233,7.027724742889404,3.485894333018223,,22.212684154510498,6.888293266296387,4.0753733339952305,
sd-turbo,caucasian male,311,20.17587721347809,6.272717475891113,3.9872497500036843,,22.06077128648758,6.711978912353516,3.6826399590063374,
sd-turbo,caucasian male,318,23.84333312511444,6.777400493621826,3.279300833004527,,24.148675799369812,6.6185078620910645,3.4805217910034116,
sd-turbo,caucasian male,324,23.215165734291077,6.0009379386901855,4.40479487500852,,22.952964901924133,6.564764022827148,3.8575260829820763,
sd-turbo,caucasian male,328,23.621393740177155,6.321445941925049,4.097716334013967,,23.75204861164093,6.243288040161133,3.5525309160002507,
sd-turbo,caucasian male,334,24.932576715946198,5.8162384033203125,3.794870957994135,,23.87625426054001,6.444622039794922,3.543405625008745,
sd-turbo,caucasian male,339,19.822877645492554,6.889763355255127,3.129924833017867,,24.17210191488266,6.892196178436279,3.804314249980962,
sd-turbo,caucasian male,342,24.45298731327057,6.623666763305664,3.232673541002441,,22.574807703495026,6.812953948974609,3.6969406249991152,
sd-turbo,caucasian male,363,25.247016549110413,6.729036331176758,4.214916124998126,,24.275511503219604,6.592299461364746,3.530155249987729,
sd-turbo,caucasian male,367,23.16209375858307,6.709298610687256,3.7518111249955837,,25.86877942085266,7.033106803894043,4.150457625015406,
sd-turbo,caucasian male,395,20.075464248657227,6.8492841720581055,4.0166258749959525,,24.03329461812973,7.111052513122559,3.561445500003174,
sd-turbo,caucasian male,409,22.48557060956955,6.100578308105469,3.9424973340064753,,24.02825355529785,6.313632011413574,4.5676215830026194,
sd-turbo,caucasian male,415,25.37015974521637,6.465147972106934,3.921592332975706,,23.565107583999634,6.292158126831055,3.4986117079970427,
sd-turbo,caucasian male,431,24.02191013097763,6.12336540222168,3.9056642909999937,,22.5713312625885,7.245643615722656,3.5360420829965733,
sd-turbo,caucasian male,445,23.534482717514038,6.398885726928711,3.5924909170134924,,22.363173961639404,6.989969253540039,4.431256916985149,
sd-turbo,caucasian male,454,24.147243797779083,6.404228210449219,3.925309374986682,,21.43334150314331,6.819787979125977,4.023830499994801,
sd-turbo,caucasian male,459,27.437061071395874,6.191339492797852,3.8161817920044996,,22.22040444612503,6.868562698364258,3.4588067080185283,
sd-turbo,caucasian male,484,21.811750531196594,6.683623313903809,4.147621958982199,,21.310734748840332,6.321890830993652,3.7216542920214124,
sd-turbo,caucasian male,489,24.91704225540161,6.456998825073242,3.8005212910065893,,22.913721203804016,6.851475715637207,3.505070125014754,
sd-turbo,caucasian male,498,26.27491056919098,5.901783466339111,3.351599542016629,,20.330895483493805,6.147675514221191,3.5940766659914516,
sd-turbo,caucasian male,506,23.61834943294525,6.08192777633667,3.255602250021184,,25.031065940856934,6.807291507720947,4.1369802500121295,
sd-turbo,caucasian male,517,24.94811862707138,6.778063774108887,4.469101041991962,,24.580970406532288,6.256382942199707,4.093286791990977,
sd-turbo,caucasian male,521,19.441434741020203,6.059692859649658,4.050270875013666,,20.938709378242493,6.680385589599609,3.5339535840030294,
sd-turbo,caucasian male,524,26.445847749710083,6.023448944091797,3.696850332984468,,24.080532789230347,6.515009880065918,3.658093625010224,
sd-turbo,caucasian male,534,21.17348611354828,6.849432945251465,3.891563374985708,,21.32667303085327,6.515643119812012,3.8189928340143524,
sd-turbo,caucasian male,546,21.67583256959915,6.484078407287598,3.814867459004745,,19.58727538585663,6.103954315185547,3.5352196250169072,
sd-turbo,caucasian male,557,21.30703181028366,7.015137672424316,3.181015457987087,,23.131683468818665,6.432348728179932,3.4947451670013834,
sd-turbo,caucasian male,562,23.24940264225006,6.62412166595459,3.6264773330185562,,23.027266561985016,5.738787651062012,3.5535058329987805,
sd-turbo,caucasian male,566,24.611705541610718,6.861477851867676,4.125771249993704,,21.698640286922455,6.333775997161865,3.422677708003903,
sd-turbo,caucasian male,574,20.3687384724617,7.039459228515625,3.7275618329877034,,20.084652304649353,6.527623176574707,3.575083250005264,
sd-turbo,caucasian male,582,22.616884112358093,6.894383907318115,3.2568437499867287,,22.45641201734543,6.261775016784668,3.5273795000102837,
sd-turbo,caucasian male,598,21.05902135372162,6.38291072845459,3.197350542002823,,22.37156629562378,6.507843494415283,3.725611249974463,
sd-turbo,caucasian male,617,23.054613173007965,6.228753089904785,3.582980958977714,,21.42060101032257,6.907476425170898,3.5260430420166813,
sd-turbo,caucasian male,626,25.616860389709473,6.7150421142578125,3.1123230830125976,,22.46977537870407,6.307229042053223,3.5148331669915933,
sd-turbo,caucasian male,627,23.19951206445694,6.251029014587402,3.4354602500097826,,22.986042499542236,6.6823015213012695,3.481089457985945,
sd-turbo,caucasian male,634,23.177921772003174,5.970975875854492,3.6922191669873428,,22.013336420059204,6.053285598754883,3.6186298340035137,
sd-turbo,caucasian male,641,22.211411595344543,7.059926986694336,4.081577375007328,,23.406049609184265,6.9927239418029785,3.5430009159899782,
sd-turbo,caucasian male,656,20.322540402412415,6.341639995574951,3.1702251250098925,,23.813432455062866,6.627199172973633,3.564197542000329,
sd-turbo,caucasian male,685,21.534153819084167,6.703797817230225,3.3432372089882847,,22.133401036262512,6.220399856567383,4.398683375009568,
sd-turbo,caucasian male,701,20.17265111207962,6.578075408935547,4.16319687498617,,23.246990144252777,6.610781192779541,3.549073290982051,
sd-turbo,caucasian male,721,23.549292981624603,6.210541725158691,3.1354032079980243,,22.09773361682892,6.812616348266602,3.764556458016159,
sd-turbo,caucasian male,723,26.96349024772644,6.209015846252441,3.887595167005202,,24.564605951309204,6.905287742614746,3.9540912079974078,
sd-turbo,caucasian male,728,24.277478456497192,6.43817663192749,3.750046375003876,,23.887868225574493,6.918169021606445,3.5133347090159077,
sd-turbo,caucasian male,737,22.89511114358902,6.382090091705322,3.282663957972545,,23.062503337860107,6.229282379150391,3.5555507499957457,
sd-turbo,caucasian male,748,24.56865906715393,6.436471939086914,3.5474714589945506,,18.19528490304947,6.521100044250488,3.5125982080062386,
sd-turbo,caucasian male,774,24.641752243041992,6.823550224304199,3.655340375000378,,23.794373869895935,6.981497764587402,3.9965754589939024,
sd-turbo,caucasian male,777,19.516289234161377,6.176239013671875,3.589001415995881,,23.401686549186707,6.516188621520996,3.5744268329872284,
sd-turbo,caucasian male,803,22.94461876153946,5.769372463226318,3.1795575830037706,,26.05118453502655,6.149101257324219,3.9110728750238195,
sd-turbo,caucasian male,804,22.284536063671112,6.974519729614258,3.9647862919955514,,21.874137222766876,6.549249172210693,3.5986641249910463,
sd-turbo,caucasian male,819,23.17708730697632,6.756226539611816,3.858766707999166,,22.445984184741974,6.64116096496582,3.6266824589984026,
sd-turbo,caucasian male,823,23.67004156112671,6.805109024047852,3.6759544580127113,,22.23324477672577,6.734012603759766,3.870165791013278,
sd-turbo,caucasian male,825,20.55610567331314,6.217090606689453,3.119946291000815,,22.297485172748566,6.521629333496094,3.6786325839930214,
sd-turbo,caucasian male,830,23.286356031894684,6.665974140167236,3.2541132920014206,,22.277358174324036,6.481682777404785,4.038438749994384,
sd-turbo,caucasian male,845,22.704195976257324,6.332147598266602,3.920459957997082,,20.26880532503128,6.696871757507324,3.515856416983297,
sd-turbo,caucasian male,848,21.384288370609283,6.483315944671631,3.135427457978949,,21.00626975297928,6.495903491973877,3.987404624989722,
sd-turbo,caucasian male,850,22.457878291606903,6.803820610046387,4.116590040997835,,21.385961771011353,6.559783458709717,3.519773250009166,
sd-turbo,caucasian male,861,24.741709232330322,6.810774326324463,3.3987324999761768,,24.193239212036133,6.937802791595459,3.5226826250145677,
sd-turbo,caucasian male,865,22.697609663009644,5.765994071960449,3.9873192080121953,,22.404074668884277,7.0278730392456055,3.5531125419947784,
sd-turbo,caucasian male,871,23.078998923301697,6.805655002593994,4.5768604159820825,,23.50853830575943,6.444860458374023,3.8450201250088867,
sd-turbo,caucasian male,887,24.397797882556915,6.921545028686523,3.806601332995342,,20.463775098323822,5.872511863708496,3.6145694160077255,
sd-turbo,caucasian male,889,23.76759797334671,7.138719081878662,3.377975291979965,,22.67615497112274,7.073884010314941,3.6136626669904217,
sd-turbo,caucasian male,892,22.361662983894348,6.688956260681152,4.42459229202359,,20.239657163619995,6.470952033996582,3.5791588750144,
sd-turbo,caucasian male,897,21.47400975227356,6.334929943084717,3.9026327499886975,,22.344806790351868,6.750763893127441,3.6656138749967795,
sd-turbo,caucasian male,910,22.917957603931427,6.41402530670166,3.6978454169875477,,23.35774004459381,6.556538105010986,3.512670625001192,
sd-turbo,caucasian male,912,25.06018877029419,6.697850704193115,4.113151124998694,,23.33068549633026,6.850305080413818,4.302044083015062,
sd-turbo,caucasian male,914,22.550906240940094,6.380561351776123,3.464805499999784,,21.786345541477203,6.164996147155762,3.628296666982351,
sd-turbo,caucasian male,921,20.878198742866516,6.33526611328125,3.286171459010802,,22.779648005962372,6.7893524169921875,3.646133166999789,
sd-turbo,caucasian male,924,24.39049333333969,6.010494709014893,3.4447868749848567,,21.447202563285828,6.894387722015381,4.148287125019124,
sd-turbo,caucasian male,930,23.17933589220047,6.462302207946777,4.191474500024924,,20.623351633548737,7.225096225738525,3.7830307080002967,
sd-turbo,caucasian male,932,21.895694732666016,6.928642272949219,3.2057184999866877,,23.500825464725494,6.790125846862793,3.7401645409991033,
sd-turbo,caucasian male,935,20.608162879943848,5.952604293823242,3.4266167909954675,,22.646895051002502,6.898054122924805,3.712422874988988,
sd-turbo,caucasian male,941,26.373305916786194,6.8037519454956055,3.543537457997445,,24.1707444190979,7.403485298156738,4.110763291013427,
sd-turbo,caucasian male,961,25.03434121608734,6.938371658325195,4.022014541988028,,21.742336452007294,6.724429130554199,3.5904279999958817,
sd-turbo,caucasian male,985,21.76782190799713,6.309912204742432,3.5117877080047037,,17.836730182170868,6.092136383056641,3.5878664159972686,
sd-turbo,caucasian male,989,22.86854088306427,6.445342063903809,3.9674880419916008,,22.796180844306946,6.656876564025879,3.6687226250069216,
sd-turbo,city landscape,2,23.91827702522278,6.378628253936768,4.604290582996327,/Users/kevingeng07/Reffusion Project/benchmark/output_two_stage/images/sd-turbo/city-landscape/stage1_seed_2.png,22.42681086063385,6.381409645080566,3.570207292010309,/Users/kevingeng07/Reffusion Project/benchmark/output_two_stage/images/sd-turbo/city-landscape/stage2_seed_2.png
sd-turbo,city landscape,15,24.123086035251617,6.202279090881348,4.0929106249823235,/Users/kevingeng07/Reffusion Project/benchmark/output_two_stage/images/sd-turbo/city-landscape/stage1_seed_15.png,23.461714386940002,6.842039108276367,3.52053545799572,/Users/kevingeng07/Reffusion Project/benchmark/output_two_stage/images/sd-turbo/city-landscape/stage2_seed_15.png
sd-turbo,city landscape,42,25.6280779838562,6.274004936218262,3.6143005000194535,/Users/kevingeng07/Reffusion Project/benchmark/output_two_stage/images/sd-turbo/city-landscape/stage1_seed_42.png,22.96784520149231,6.588842391967773,3.603587666002568,/Users/kevingeng07/Reffusion Project/benchmark/output_two_stage/images/sd-turbo/city-landscape/stage2_seed_42.png
sd-turbo,city landscape,64,24.563011527061462,6.037713527679443,3.2833867499721237,/Users/kevingeng07/Reffusion Project/benchmark/output_two_stage/images/sd-turbo/city-landscape/stage1_seed_64.png,20.766225457191467,6.3447651863098145,3.6199184590077493,/Users/kevingeng07/Reffusion Project/benchmark/output_two_stage/images/sd-turbo/city-landscape/stage2_seed_64.png
sd-turbo,city landscape,65,25.854188203811646,6.474281311035156,3.3369792499870528,/Users/kevingeng07/Reffusion Project/benchmark/output_two_stage/images/sd-turbo/city-landscape/stage1_seed_65.png,24.645140767097473,7.023166656494141,4.030357500014361,/Users/kevingeng07/Reffusion Project/benchmark/output_two_stage/images/sd-turbo/city-landscape/stage2_seed_65.png
sd-turbo,city landscape,76,21.869109570980072,5.863748550415039,3.8555685830069706,,21.453168988227844,6.800278663635254,3.7244711670209654,
sd-turbo,city landscape,83,22.562623023986816,6.134771347045898,4.713336583023192,,20.863670110702515,6.242609024047852,3.749991124990629,
sd-turbo,city landscape,94,22.86638915538788,6.293350696563721,3.9798273330088705,,22.787295281887054,6.0197858810424805,3.92199262502254,
sd-turbo,city landscape,96,23.959389328956604,6.0582404136657715,3.8535964580078144,,23.272255063056946,6.446310043334961,3.5775167920219246,
sd-turbo,city landscape,98,22.898022830486298,6.356629371643066,3.6395146250142716,,22.44853973388672,7.416635513305664,3.6610360000049695,
sd-turbo,city landscape,102,25.002741813659668,6.130679607391357,3.235166250000475,,26.49683952331543,7.347629547119141,3.983044874999905,
sd-turbo,city landscape,104,24.490347504615784,6.358762741088867,3.891083249996882,,21.644452214241028,6.62876033782959,3.602651708002668,
sd-turbo,city landscape,143,23.6952543258667,6.172914505004883,3.5787752920005005,,23.65935742855072,6.676115036010742,4.485297125007492,
sd-turbo,city landscape,144,22.77025878429413,6.4241557121276855,4.11781870800769,,22.326867282390594,7.118451118469238,3.798255000001518,
sd-turbo,city landscape,146,21.370986104011536,6.0723772048950195,3.7309617080027238,,20.044344663619995,5.9933552742004395,3.604468250006903,
sd-turbo,city landscape,151,23.158687353134155,5.756275653839111,3.7933610409963876,,23.23269248008728,6.78176212310791,4.1184401670179795,
sd-turbo,city landscape,196,24.466900527477264,5.543020725250244,4.030993082997156,,24.279803037643433,6.751412391662598,3.6309139580116607,
sd-turbo,city landscape,210,24.328511953353882,6.080671310424805,3.2702534580021165,,23.36765229701996,6.512489318847656,3.5485033329750877,
sd-turbo,city landscape,224,21.04557752609253,6.240455627441406,3.4479494580009487,,23.16136360168457,6.1709394454956055,4.270648542005802,
sd-turbo,city landscape,228,23.60749840736389,6.389636993408203,4.177869750012178,,22.150693833827972,7.148785591125488,3.796077292005066,
sd-turbo,city landscape,245,23.59955757856369,5.937859535217285,3.20752533301129,,24.242229759693146,6.6846137046813965,3.483602416003123,
sd-turbo,city landscape,250,23.37522804737091,6.173083782196045,3.316475250001531,,22.616328299045563,7.088502883911133,3.6369627499952912,
sd-turbo,city landscape,257,20.702174305915833,6.148700714111328,4.160950584016973,,22.51192331314087,6.6576457023620605,4.180631041992456,
sd-turbo,city landscape,266,23.914484679698944,5.945091247558594,4.14181041700067,,23.975291848182678,6.9018402099609375,3.5202194590237923,
sd-turbo,city landscape,267,23.004664480686188,6.288195610046387,3.1832353330100887,,23.698368668556213,6.269224166870117,3.6219693330058362,
sd-turbo,city landscape,289,24.690215289592743,5.837803840637207,3.8506324579939246,,23.881711065769196,6.506228446960449,3.6678230830002576,
sd-turbo,city landscape,311,22.174803912639618,5.717661380767822,3.3497916659980547,,20.281440019607544,5.876260280609131,3.575070874998346,
sd-turbo,city landscape,318,23.658673465251923,5.613735675811768,3.277937875012867,,23.40371161699295,6.803082466125488,3.4820347909990232,
sd-turbo,city landscape,324,24.343818426132202,5.766366481781006,3.3438090000126977,,19.630813598632812,5.920254707336426,3.536809707991779,
sd-turbo,city landscape,328,23.970872163772583,6.056602478027344,3.2150553750107065,,22.322547435760498,6.878717422485352,3.4807549999968614,
sd-turbo,city landscape,334,22.345152497291565,5.903279781341553,4.036865250003757,,21.762335300445557,5.145431995391846,3.609050583996577,
sd-turbo,city landscape,339,24.62603896856308,6.353215217590332,3.0400653750111815,,23.022790253162384,6.777786731719971,3.5302412919991184,
sd-turbo,city landscape,342,22.54706621170044,6.500554084777832,4.266868375008926,,22.779038548469543,6.798526763916016,3.7616077499988023,
sd-turbo,city landscape,363,20.49577087163925,6.231900215148926,3.717002208024496,,22.53437042236328,6.1498565673828125,3.7219129590084776,
sd-turbo,city landscape,367,26.621732115745544,6.491367816925049,3.3860344999993686,,23.64698350429535,7.192185401916504,3.578315124992514,
sd-turbo,city landscape,395,22.787946462631226,5.523895263671875,3.1212487500160933,,19.86754536628723,6.176483631134033,3.475202250003349,
sd-turbo,city landscape,409,23.104697465896606,6.5750732421875,3.5522215840173885,,22.496652603149414,6.63381290435791,3.6049469169811346,
sd-turbo,city landscape,415,21.57408595085144,5.922774314880371,3.2753776670142543,,22.702020406723022,6.758841514587402,4.407323916006135,
sd-turbo,city landscape,431,23.18611592054367,6.082559108734131,3.140586916008033,,23.19442927837372,6.853981018066406,3.825995458988473,
sd-turbo,city landscape,445,22.596368193626404,5.6569108963012695,3.8994269160029944,,23.971262574195862,6.738412857055664,3.658357749984134,
sd-turbo,city landscape,454,23.509028553962708,6.479260444641113,4.1243284580123145,,23.244765400886536,6.974248886108398,3.606955833005486,
sd-turbo,city landscape,459,23.587539792060852,6.462698936462402,3.1349684160086326,,19.59633231163025,6.425237655639648,3.5857998749997932,
sd-turbo,city landscape,484,23.66188019514084,6.374075889587402,3.254342624975834,,22.428706288337708,7.033590316772461,3.52469654098968,
sd-turbo,city landscape,489,21.516475081443787,6.420815944671631,3.4928312080155592,,22.041034698486328,6.265332221984863,4.197037750011077,
sd-turbo,city landscape,498,24.28623139858246,6.021303653717041,4.105893375002779,,22.497236728668213,7.0061116218566895,3.6010563330200966,
sd-turbo,city landscape,506,25.518500804901123,6.258508682250977,3.565662874985719,,21.90842032432556,6.666395664215088,4.664973540988285,
sd-turbo,city landscape,517,20.228052139282227,5.781497955322266,4.310862125013955,,19.77294832468033,5.952820777893066,3.7765132909989916,
sd-turbo,city landscape,521,22.238466143608093,6.068721294403076,3.9195615830249153,,24.140706658363342,6.692955017089844,3.529604167008074,
sd-turbo,city landscape,524,23.07523936033249,5.922048091888428,3.238049834006233,,24.446825683116913,6.776620864868164,3.7470335830003023,
sd-turbo,city landscape,534,22.769448161125183,6.734185218811035,3.496056291012792,,20.653754472732544,6.662489414215088,4.171840625000186,
sd-turbo,city landscape,546,25.219571590423584,6.432514190673828,3.9827965419972315,,21.083921194076538,5.767592430114746,3.622609708982054,
sd-turbo,city landscape,557,23.988287150859833,6.128944396972656,4.272464084002422,,22.979095578193665,6.3387250900268555,4.133124332991429,
sd-turbo,city landscape,562,24.091026186943054,5.536401748657227,4.265289458999177,,21.911926567554474,6.433920383453369,3.850748958007898,
sd-turbo,city landscape,566,24.28607940673828,6.390666961669922,3.2028377079986967,,21.86638116836548,6.5967278480529785,3.620709624985466,
sd-turbo,city landscape,574,23.999594151973724,6.196413040161133,3.226076666993322,,22.634637355804443,7.041475296020508,3.632365875004325,
sd-turbo,city landscape,582,23.596161603927612,6.188825607299805,3.2454432919912506,,23.6517071723938,6.598276138305664,3.7811835409956984,
sd-turbo,city landscape,598,25.70263147354126,6.188601016998291,3.3000232499907725,,22.303350269794464,6.816071510314941,4.449441625009058,
sd-turbo,city landscape,617,27.349817752838135,5.972199440002441,3.9106677499949,,23.749104142189026,6.389626979827881,3.576865041977726,
sd-turbo,city landscape,626,22.89409637451172,6.3488664627075195,3.908994833007455,,20.904147624969482,6.292860507965088,3.6024306250037625,
sd-turbo,city landscape,627,21.97285145521164,6.5454607009887695,3.864057958009653,,23.988765478134155,6.680859565734863,3.841307124996092,
sd-turbo,city landscape,634,25.383847951889038,5.975935935974121,3.7803932079987135,,22.690297663211823,6.587961673736572,3.5993435840064194,
sd-turbo,city landscape,641,25.238963961601257,5.9181365966796875,3.2227649159904104,,21.97975516319275,6.618208885192871,3.8814575830183458,
sd-turbo,city landscape,656,21.187259256839752,5.778985023498535,4.557694999995874,,21.047794818878174,6.19523811340332,3.904473834001692,
sd-turbo,city landscape,685,25.34753382205963,6.140290260314941,4.0723042500030715,,25.51349699497223,6.68432092666626,3.7857600830029696,
sd-turbo,city landscape,701,25.364449620246887,6.107665061950684,3.7803908750065602,,22.799143195152283,6.518426895141602,3.802875666995533,
sd-turbo,city landscape,721,23.197442293167114,6.827663421630859,4.00879345901194,,23.774947226047516,7.494687557220459,3.753750250005396,
sd-turbo,city landscape,723,23.22688400745392,6.375097274780273,3.4858954579976853,,23.775137960910797,6.912946701049805,3.5814644169877283,
sd-turbo,city landscape,728,23.744982481002808,6.533457279205322,4.196753166994313,,22.725167870521545,7.467397689819336,4.607113165984629,
sd-turbo,city landscape,737,23.84318709373474,5.842642307281494,4.556197541998699,,23.731398582458496,6.644503593444824,4.702873750007711,
sd-turbo,city landscape,748,24.2769718170166,6.184964656829834,4.090381791989785,,21.516022086143494,6.035917282104492,3.6431418329884764,
sd-turbo,city landscape,774,22.456544637680054,6.648684501647949,4.293590167013463,,22.773179411888123,6.424741268157959,4.856398707983317,
sd-turbo,city landscape,777,23.457373678684235,6.314477920532227,4.350188792013796,,21.152597665786743,6.244042873382568,3.6379758330003824,
sd-turbo,city landscape,803,24.352863430976868,6.150816917419434,3.8178815839928575,,23.61328899860382,6.186652660369873,3.5062340830045287,
sd-turbo,city landscape,804,24.14478063583374,6.438122749328613,3.3233421669865493,,22.110214829444885,6.144384384155273,3.7180480410170276,
sd-turbo,city landscape,819,22.870536148548126,6.567806243896484,3.4159106249862816,,22.188271582126617,6.2421064376831055,3.5885990830138326,
sd-turbo,city landscape,823,23.572775721549988,6.28775691986084,3.7188060419866815,,21.237868070602417,6.569653511047363,3.5812334590009414,
sd-turbo,city landscape,825,21.84194028377533,6.218474388122559,4.164688916003797,,21.928870677947998,6.671929359436035,3.830504874989856,
sd-turbo,city landscape,830,24.693864583969116,6.228368759155273,3.8842105829971842,,23.449479043483734,6.934426307678223,3.67715025000507,
sd-turbo,city landscape,845,22.592458128929138,5.929191589355469,3.5867898340220563,,21.466118097305298,6.23224401473999,3.7584488340071402,
sd-turbo,city landscape,848,19.8908269405365,6.262577533721924,3.468702124984702,,22.72503674030304,6.249948501586914,3.8896522920113057,
sd-turbo,city landscape,850,21.71938717365265,6.099233627319336,4.179719415988075,,22.72116392850876,6.868356704711914,3.5583457910106517,
sd-turbo,city landscape,861,23.81814271211624,6.438791275024414,3.56113774998812,,22.648993134498596,7.14758825302124,3.4642361250007525,
sd-turbo,city landscape,865,25.9469211101532,6.061498641967773,3.3168234580080025,,22.719530761241913,6.237689971923828,4.751550584012875,
sd-turbo,city landscape,871,23.5370934009552,6.093718528747559,4.61227658300777,,23.805341124534607,6.586117744445801,3.9590647500008345,
sd-turbo,city landscape,887,25.97830295562744,6.437063217163086,4.010268457990605,,20.258715748786926,6.048618316650391,4.10044249999919,
sd-turbo,city landscape,889,23.07695597410202,6.370872497558594,4.13788654099335,,21.768151223659515,6.324160575866699,3.582917375024408,
sd-turbo,city landscape,892,22.95960932970047,6.687060356140137,3.3652840410068166,,21.302151679992676,6.984180450439453,3.798838833987247,
sd-turbo,city landscape,897,21.81122601032257,5.859035491943359,3.665019875013968,,22.924265265464783,6.295250415802002,3.8146815840154886,
sd-turbo,city landscape,910,25.569921731948853,5.679753303527832,4.308869041007711,,21.18210643529892,6.1013946533203125,4.423390667012427,
sd-turbo,city landscape,912,24.506404995918274,6.006777763366699,3.9058467089780606,,22.097763419151306,6.535482406616211,3.532523207977647,
sd-turbo,city landscape,914,24.234625697135925,6.245248317718506,3.155851375020575,,22.495946288108826,6.342101573944092,3.6434985409723595,
sd-turbo,city landscape,921,22.63845205307007,6.219562530517578,3.588711999997031,,20.55833637714386,6.623556137084961,4.021954208001262,
sd-turbo,city landscape,924,24.85736757516861,5.787640571594238,4.0014860419905744,,23.615339398384094,6.2795023918151855,3.6213617920002434,
sd-turbo,city landscape,930,21.852003037929535,6.052542209625244,3.2497054589912295,,23.286142945289612,6.55999755859375,3.526411792001454,
sd-turbo,city landscape,932,23.996971547603607,5.771792411804199,3.303983124991646,,23.367132246494293,6.441007614135742,3.5462973749963567,
sd-turbo,city landscape,935,21.553190052509308,6.151702880859375,4.020752166979946,,23.978328704833984,6.895577430725098,3.733774916996481,
sd-turbo,city landscape,941,24.371062219142914,6.068502426147461,3.6968421250057872,,21.113383769989014,6.919956207275391,3.5254757500078995,
sd-turbo,city landscape,961,22.618618607521057,6.322846412658691,3.845899791980628,,22.944742441177368,6.410796165466309,3.511328916007187,
sd-turbo,city landscape,985,23.5150009393692,6.001774311065674,3.296737666998524,,24.43155348300934,6.207785606384277,3.6599349579773843,
sd-turbo,city landscape,989,25.211232900619507,6.255009174346924,4.3634735840023495,,23.875293135643005,6.769915580749512,3.5559363340144046,
sd-turbo,northern lights,2,24.496467411518097,6.189296722412109,4.2368987500085495,/Users/kevingeng07/Reffusion Project/benchmark/output_two_stage/images/sd-turbo/northern-lights/stage1_seed_2.png,22.79900312423706,6.071346282958984,3.7449100420053583,/Users/kevingeng07/Reffusion Project/benchmark/output_two_stage/images/sd-turbo/northern-lights/stage2_seed_2.png
sd-turbo,northern lights,15,25.983697175979614,6.4437642097473145,4.466900416009594,/Users/kevingeng07/Reffusion Project/benchmark/output_two_stage/images/sd-turbo/northern-lights/stage1_seed_15.png,24.867218732833862,6.589035511016846,3.8049836670106743,/Users/kevingeng07/Reffusion Project/benchmark/output_two_stage/images/sd-turbo/northern-lights/stage2_seed_15.png
sd-turbo,northern lights,42,25.18400251865387,6.364278793334961,4.3457607080054,/Users/kevingeng07/Reffusion Project/benchmark/output_two_stage/images/sd-turbo/northern-lights/stage1_seed_42.png,24.165967106819153,6.555837631225586,4.268333875021199,/Users/kevingeng07/Reffusion Project/benchmark/output_two_stage/images/sd-turbo/northern-lights/stage2_seed_42.png
sd-turbo,northern lights,64,25.539487600326538,6.356073379516602,3.8771844169823453,/Users/kevingeng07/Reffusion Project/benchmark/output_two_stage/images/sd-turbo/northern-lights/stage1_seed_64.png,23.770830035209656,6.54738712310791,3.6374296249996405,/Users/kevingeng07/Reffusion Project/benchmark/output_two_stage/images/sd-turbo/northern-lights/stage2_seed_64.png
sd-turbo,northern lights,65,25.503942370414734,6.703312397003174,3.8097092079988215,/Users/kevingeng07/Reffusion Project/benchmark/output_two_stage/images/sd-turbo/northern-lights/stage1_seed_65.png,24.697360396385193,6.715528964996338,3.857519916986348,/Users/kevingeng07/Reffusion Project/benchmark/output_two_stage/images/sd-turbo/northern-lights/stage2_seed_65.png
sd-turbo,northern lights,76,25.580644607543945,6.354989528656006,3.54697270799079,,24.286995828151703,6.549704074859619,3.965651499980595,
sd-turbo,northern lights,83,25.230324268341064,6.389285087585449,4.054326167010004,,24.90467131137848,6.514104843139648,3.604249416006496,
sd-turbo,northern lights,94,24.502798914909363,6.498647212982178,3.7174751660204493,,24.706515669822693,6.556204319000244,3.6714921669918112,
sd-turbo,northern lights,96,25.37563145160675,6.494568824768066,3.3462448330246843,,24.91867244243622,6.569724082946777,4.356721874995856,
sd-turbo,northern lights,98,25.827038288116455,6.391566276550293,4.102668833977077,,25.573882460594177,6.148489475250244,3.5816008749825414,
sd-turbo,northern lights,102,25.373467803001404,6.583608627319336,3.1967502079787664,,23.999516665935516,6.571148872375488,3.7314267080218997,
sd-turbo,northern lights,104,25.818809866905212,6.5085368156433105,3.1302225830149837,,24.86719787120819,6.837677955627441,3.570338374993298,
sd-turbo,northern lights,143,25.551849603652954,6.544978141784668,3.3131201249780133,,25.73048174381256,6.6262712478637695,4.360725874983473,
sd-turbo,northern lights,144,25.257349014282227,6.326892852783203,4.071757708006771,,24.913015961647034,6.381101608276367,3.5609156250138767,
sd-turbo,northern lights,146,25.317716598510742,6.597627639770508,3.133358416991541,,25.496777892112732,6.7402544021606445,3.61754999999539,
sd-turbo,northern lights,151,26.373249292373657,6.416430473327637,3.8184885829978157,,24.840152263641357,6.51826286315918,3.5147526249929797,
sd-turbo,northern lights,196,25.16312301158905,6.416711330413818,3.9189963749959134,,23.92856776714325,6.42997932434082,3.7022462079767138,
sd-turbo,northern lights,210,25.22243559360504,6.368862628936768,3.6091516249871347,,24.213165044784546,6.479297637939453,3.539598582981853,
sd-turbo,northern lights,224,24.97003972530365,6.330921173095703,3.500592999975197,,24.407318234443665,6.485614776611328,3.810787958005676,
sd-turbo,northern lights,228,24.828293919563293,6.527684688568115,3.5872911250044126,,23.610739409923553,6.563511848449707,4.330508666986134,
sd-turbo,northern lights,245,24.53593611717224,6.423854827880859,4.078336999984458,,24.1380512714386,6.477266311645508,3.5758962919935584,
sd-turbo,northern lights,250,25.06622076034546,6.347060203552246,3.237661292019766,,24.13819283246994,6.534920692443848,4.260588375007501,
sd-turbo,northern lights,257,25.368836522102356,6.455505847930908,4.142175124987261,,24.3917316198349,6.549460411071777,3.650323459005449,
sd-turbo,northern lights,266,25.380703806877136,6.441884994506836,3.18310595798539,,24.553561210632324,6.671407699584961,3.7251781669910997,
sd-turbo,northern lights,267,25.123661756515503,6.4685869216918945,3.1648740830132738,,21.701331436634064,5.483187675476074,3.5020687090000138,
sd-turbo,northern lights,289,25.362685322761536,6.27396297454834,3.4425950839940924,,25.051218271255493,6.475491523742676,3.551654040988069,
sd-turbo,northern lights,311,25.927487015724182,6.614855766296387,4.088872833992355,,25.57743191719055,6.653936386108398,3.8622942499932833,
sd-turbo,northern lights,318,25.453656911849976,6.32444953918457,3.6928450829873327,,24.790483713150024,6.50620174407959,3.9579037920047995,
sd-turbo,northern lights,324,26.26524269580841,6.4429521560668945,3.84906958299689,,25.352290272712708,6.510265827178955,3.588836708018789,
sd-turbo,northern lights,328,24.913308024406433,6.365383625030518,3.7310388750047423,,23.505087196826935,6.181884765625,3.7510680830164347,
sd-turbo,northern lights,334,25.054389238357544,6.513272285461426,4.082651458011242,,24.321767687797546,6.304299354553223,3.686704749998171,
sd-turbo,northern lights,339,25.59792995452881,6.612327575683594,3.7849723340186756,,25.332409143447876,6.553494453430176,3.5703827919787727,
sd-turbo,northern lights,342,24.36097413301468,6.190178871154785,3.3484312079963274,,24.422775208950043,6.2906036376953125,3.8889162080013193,
sd-turbo,northern lights,363,25.50908923149109,6.431415557861328,4.253790249989834,,24.507349729537964,6.458093643188477,3.921669000003021,
sd-turbo,northern lights,367,24.499227106571198,6.43128776550293,4.648985250008991,,24.591682851314545,6.731167316436768,3.4978122080210596,
sd-turbo,northern lights,395,25.729835033416748,6.026226997375488,4.168890208995435,,26.17868483066559,6.3775200843811035,3.723321625002427,
sd-turbo,northern lights,409,24.434839189052582,6.550536632537842,3.1890785830037203,,23.980966210365295,6.493719100952148,3.5135254580236506,
sd-turbo,northern lights,415,26.211833953857422,6.270520210266113,3.936648958013393,,25.14042854309082,6.633706092834473,4.17132362499251,
sd-turbo,northern lights,431,25.16247034072876,6.499584674835205,3.5746877080237027,,23.384585976600647,6.654696941375732,3.555527417018311,
sd-turbo,northern lights,445,24.643920361995697,6.3884148597717285,3.4079168329772074,,25.06122589111328,6.407702445983887,3.563551625004038,
sd-turbo,northern lights,454,25.4751056432724,6.589866638183594,3.31666062498698,,24.4495689868927,6.679923057556152,4.199559041997418,
sd-turbo,northern lights,459,24.998874962329865,6.626482963562012,4.06873720799922,,24.072176218032837,6.581820487976074,3.5866448750020936,
sd-turbo,northern lights,484,25.671932101249695,6.527256965637207,3.2237597920175176,,24.791395664215088,6.5885114669799805,3.582570750004379,
sd-turbo,northern lights,489,25.292101502418518,6.48018741607666,3.196031083003618,,23.889224231243134,6.662348747253418,3.5455012080201413,
sd-turbo,northern lights,498,25.140929222106934,6.283069610595703,3.5600662080105394,,24.27864968776703,6.415009498596191,3.805055375007214,
sd-turbo,northern lights,506,24.960696697235107,6.196043491363525,4.064060292002978,,23.733986914157867,6.4867377281188965,3.8012305830197874,
sd-turbo,northern lights,517,25.228935480117798,6.431798934936523,3.1928108330175746,,24.73260909318924,6.47354793548584,3.586574124987237,
sd-turbo,northern lights,521,25.162461400032043,6.455013275146484,3.824459082999965,,24.81791377067566,6.450862407684326,3.956314167007804,
sd-turbo,northern lights,524,24.819675087928772,6.349704742431641,3.8172653749934398,,23.947373032569885,6.535955429077148,3.6976512920227833,
sd-turbo,northern lights,534,24.897588789463043,6.692107200622559,3.1224594590021297,,24.659812450408936,6.512361526489258,3.853548624989344,
sd-turbo,northern lights,546,25.35710632801056,6.483518600463867,3.1951556249987334,,23.2649028301239,6.46176815032959,3.5093694999814034,
sd-turbo,northern lights,557,25.66121220588684,6.42358922958374,3.180965457984712,,24.081622064113617,6.5871381759643555,3.538877084007254,
sd-turbo,northern lights,562,25.281643867492676,6.470000267028809,3.254999124997994,,24.181140959262848,6.49603796005249,4.22110649998649,
sd-turbo,northern lights,566,24.366426467895508,6.418967247009277,3.9654977080062963,,24.648091197013855,6.557336807250977,3.6163204580079764,
sd-turbo,northern lights,574,25.337308645248413,6.514657497406006,3.468251374986721,,24.8611718416214,6.715344429016113,3.5606923750019632,
sd-turbo,northern lights,582,25.366386771202087,6.3854660987854,3.7200003750040196,,23.241570591926575,5.972206115722656,3.6193820420012344,
sd-turbo,northern lights,598,25.413674116134644,6.597379207611084,3.771644042019034,,25.10986626148224,6.676525115966797,3.6414907920116093,
sd-turbo,northern lights,617,25.871753692626953,6.669485092163086,4.017105375009123,,21.295949816703796,5.285549163818359,3.6382994999876246,
sd-turbo,northern lights,626,25.17116069793701,6.3638834953308105,3.5693837080034427,,24.1977259516716,6.480815887451172,3.522738957981346,
sd-turbo,northern lights,627,25.294360518455505,6.49078369140625,3.858332000003429,,24.205148220062256,6.502302646636963,4.293719000008423,
sd-turbo,northern lights,634,25.474923849105835,6.5845417976379395,4.41522637498565,,24.7466579079628,6.711267471313477,3.8513252080010716,
sd-turbo,northern lights,641,25.369086861610413,6.407524108886719,3.159918999997899,,24.63299334049225,6.135489463806152,3.5453326249844395,
sd-turbo,northern lights,656,24.833612143993378,6.475839138031006,3.4108980419987347,,23.489920794963837,6.2880754470825195,3.7595459159929305,
sd-turbo,northern lights,685,24.66094195842743,6.188206672668457,3.573956750013167,,24.66834783554077,6.4814653396606445,3.517854208999779,
sd-turbo,northern lights,701,24.504314363002777,6.350420951843262,3.281251665990567,,24.711906909942627,6.533538818359375,3.852404708013637,
sd-turbo,northern lights,721,24.51322376728058,6.486871242523193,4.244317708013114,,23.078064620494843,6.108999252319336,3.615219208993949,
sd-turbo,northern lights,723,25.44175386428833,6.273557662963867,3.6620519169955514,,24.698780477046967,6.549373626708984,4.1355065000243485,
sd-turbo,northern lights,728,24.99484121799469,6.485593795776367,4.001263124984689,,24.805891513824463,6.699005603790283,3.4679229159955867,
sd-turbo,northern lights,737,26.22338831424713,6.5096025466918945,3.2319527920044493,,24.887408316135406,6.4876861572265625,3.810590917011723,
sd-turbo,northern lights,748,26.080381870269775,6.439840316772461,3.3961677920015063,,23.847903311252594,6.308745861053467,3.6113480830099434,
sd-turbo,northern lights,774,25.064700841903687,6.507655143737793,3.2807767909835093,,24.05795156955719,6.411735534667969,4.457187416992383,
sd-turbo,northern lights,777,25.283214449882507,6.424674034118652,4.1015055420284625,,24.571380019187927,6.6435227394104,3.4762047499825712,
sd-turbo,northern lights,803,25.2422034740448,6.205473899841309,3.1854767090117093,,25.115668773651123,6.659114360809326,3.4963631659920793,
sd-turbo,northern lights,804,24.517904222011566,6.697040557861328,3.248281624983065,,24.186894297599792,6.380661964416504,4.6914705829985905,
sd-turbo,northern lights,819,24.64912384748459,6.582785606384277,4.169152374990517,,25.51126778125763,6.797170639038086,3.505248874978861,
sd-turbo,northern lights,823,25.1202255487442,6.635276794433594,3.2945311660005245,,25.250595808029175,6.696939945220947,3.62028149998514,
sd-turbo,northern lights,825,26.18677020072937,6.50104284286499,3.255050374980783,,25.448530912399292,6.638725280761719,3.5091712920111604,
sd-turbo,northern lights,830,25.15145242214203,6.550240516662598,3.2515700410003774,,24.52758699655533,6.668227672576904,4.121627666987479,
sd-turbo,northern lights,845,25.915473699569702,6.443820476531982,3.097042458015494,,25.582921504974365,6.804328918457031,3.5393962499802,
sd-turbo,northern lights,848,25.595781207084656,6.706607818603516,3.2988670829799958,,24.92770552635193,6.617534637451172,3.7536890839983243,
sd-turbo,northern lights,850,25.278007984161377,6.541604042053223,3.2963446660141926,,25.05335807800293,6.401220798492432,4.331436083972221,
sd-turbo,northern lights,861,25.701743364334106,6.5636305809021,4.033782209007768,,24.895304441452026,6.673765182495117,3.4729501249967143,
sd-turbo,northern lights,865,25.188854336738586,6.591055393218994,3.2565295829845127,,24.863681197166443,6.570248603820801,3.930422874982469,
sd-turbo,northern lights,871,25.867831707000732,6.366047382354736,3.358528540993575,,24.394826591014862,6.322073936462402,3.6322033330216072,
sd-turbo,northern lights,887,25.25193691253662,6.6220502853393555,3.1725975000008475,,24.603503942489624,6.512042999267578,3.5043384579767007,
sd-turbo,northern lights,889,25.866127014160156,6.832658767700195,4.127171375002945,,25.175824761390686,6.743548393249512,3.486932958010584,
sd-turbo,northern lights,892,24.963167309761047,6.435811519622803,3.111494209006196,,24.893903732299805,6.564312934875488,3.5563376669888385,
sd-turbo,northern lights,897,25.290533900260925,6.452239513397217,3.8909456669935025,,24.406883120536804,6.634809494018555,3.5261524169764016,
sd-turbo,northern lights,910,25.260016322135925,6.369755744934082,3.66869841600419,,25.123891234397888,6.508893013000488,3.588241374993231,
sd-turbo,northern lights,912,25.58985948562622,6.576437950134277,3.4180654999800026,,24.023577570915222,5.831875801086426,3.5654708750080317,
sd-turbo,northern lights,914,24.335861206054688,6.391941070556641,3.2527348340081517,,24.112805724143982,6.581143379211426,3.6619400840136223,
sd-turbo,northern lights,921,25.408130884170532,6.577607154846191,3.2850639169919305,,24.60084706544876,6.670143127441406,3.4742767089919653,
sd-turbo,northern lights,924,25.703176856040955,6.4611406326293945,3.278643166006077,,24.666498601436615,6.6247453689575195,3.639849458995741,
sd-turbo,northern lights,930,25.387033820152283,6.378755569458008,3.6664322080032434,,24.25730675458908,6.576406955718994,3.508423749997746,
sd-turbo,northern lights,932,25.56663453578949,6.587184906005859,3.2041800000006333,,25.249680876731873,6.513858795166016,4.430636291974224,
sd-turbo,northern lights,935,25.32636523246765,6.396132469177246,4.006028875010088,,24.90701675415039,6.480883598327637,3.8252993339847308,
sd-turbo,northern lights,941,25.067585706710815,6.530036449432373,3.433458084007725,,24.33837056159973,6.56227445602417,3.6287860839802306,
sd-turbo,northern lights,961,24.974632263183594,6.604485511779785,3.465622625022661,,24.791014194488525,6.606335163116455,3.606778541987296,
sd-turbo,northern lights,985,25.86355209350586,6.598484992980957,3.1904253750108182,,24.98347759246826,6.856782913208008,3.6656017919885926,
sd-turbo,northern lights,989,25.191175937652588,6.534663200378418,3.1882550419832114,,24.57641363143921,6.437898635864258,3.4886473329970613,
sd-turbo,television with show playing,2,21.579530835151672,5.661679744720459,4.110617665981408,/Users/kevingeng07/Reffusion Project/benchmark/output_two_stage/images/sd-turbo/television-with-show-playing/stage1_seed_2.png,21.305114030838013,5.939380645751953,3.8933373340114485,/Users/kevingeng07/Reffusion Project/benchmark/output_two_stage/images/sd-turbo/television-with-show-playing/stage2_seed_2.png
sd-turbo,television with show playing,15,22.954612970352173,5.263158798217773,4.010621000023093,/Users/kevingeng07/Reffusion Project/benchmark/output_two_stage/images/sd-turbo/television-with-show-playing/stage1_seed_15.png,21.297168731689453,6.057069778442383,3.4960579170146957,/Users/kevingeng07/Reffusion Project/benchmark/output_two_stage/images/sd-turbo/television-with-show-playing/stage2_seed_15.png
sd-turbo,television with show playing,42,22.08777815103531,5.194911479949951,4.505431833997136,/Users/kevingeng07/Reffusion Project/benchmark/output_two_stage/images/sd-turbo/television-with-show-playing/stage1_seed_42.png,20.525440573692322,5.484239101409912,3.8142235830018762,/Users/kevingeng07/Reffusion Project/benchmark/output_two_stage/images/sd-turbo/television-with-show-playing/stage2_seed_42.png
sd-turbo,television with show playing,64,20.735645294189453,5.642312049865723,4.338420499989297,/Users/kevingeng07/Reffusion Project/benchmark/output_two_stage/images/sd-turbo/television-with-show-playing/stage1_seed_64.png,20.76997458934784,5.616766452789307,3.748566458001733,/Users/kevingeng07/Reffusion Project/benchmark/output_two_stage/images/sd-turbo/television-with-show-playing/stage2_seed_64.png
sd-turbo,television with show playing,65,21.44255042076111,5.412145614624023,4.356210500001907,/Users/kevingeng07/Reffusion Project/benchmark/output_two_stage/images/sd-turbo/television-with-show-playing/stage1_seed_65.png,21.48853838443756,6.135832786560059,3.654864540993003,/Users/kevingeng07/Reffusion Project/benchmark/output_two_stage/images/sd-turbo/television-with-show-playing/stage2_seed_65.png
sd-turbo,television with show playing,76,21.725521981716156,5.7014641761779785,3.43111149998731,,21.57139480113983,5.990226745605469,3.9735740839969367,
sd-turbo,television with show playing,83,20.33771574497223,5.612750053405762,3.5354579999984708,,21.27442955970764,5.615415573120117,3.7614195409987587,
sd-turbo,television with show playing,94,21.877512335777283,5.568449974060059,4.202109000005294,,22.848400473594666,5.669437408447266,3.9442117500002496,
sd-turbo,television with show playing,96,20.323719084262848,5.966537952423096,4.583015500014881,,20.89097797870636,5.826807022094727,3.478908749995753,
sd-turbo,television with show playing,98,21.31117880344391,5.689960479736328,3.8899976249958854,,20.300883054733276,5.8821001052856445,3.521265165996738,
sd-turbo,television with show playing,102,21.123649179935455,5.105902671813965,3.7966686250001658,,21.575745940208435,5.650578022003174,3.73311995799304,
sd-turbo,television with show playing,104,20.262518525123596,5.859338760375977,3.3260402500163764,,21.770069003105164,5.72438907623291,3.5165744590049144,
sd-turbo,television with show playing,143,22.008225321769714,5.859587669372559,3.1477842499734834,,20.303645730018616,5.795292854309082,3.5933757500024512,
sd-turbo,television with show playing,144,23.09434711933136,6.0902814865112305,3.2562282500148285,,21.236205101013184,5.970490455627441,3.699304709007265,
sd-turbo,television with show playing,146,21.942122280597687,5.302889823913574,3.2131536249944475,,22.446200251579285,5.580901145935059,3.6234214160067495,
sd-turbo,television with show playing,151,23.027145862579346,5.1114678382873535,4.386586291017011,,21.297115087509155,5.7821946144104,3.62617383300676,
sd-turbo,television with show playing,196,21.960555016994476,5.631136894226074,3.504418333002832,,21.468211710453033,5.847868919372559,4.099069417017745,
sd-turbo,television with show playing,210,23.607447743415833,5.097700595855713,3.9477150829916354,,19.72946524620056,5.9612274169921875,3.4979915420117322,
sd-turbo,television with show playing,224,21.28233313560486,5.735218048095703,3.172549666982377,,20.30012309551239,5.760970592498779,3.504394667019369,
sd-turbo,television with show playing,228,20.424175262451172,5.77119255065918,3.7116592079983093,,20.700594782829285,5.8254852294921875,3.655389457999263,
sd-turbo,television with show playing,245,23.24376255273819,5.3383636474609375,3.765019167010905,,22.25545048713684,5.445663928985596,3.890486415999476,
sd-turbo,television with show playing,250,21.255919337272644,5.733777046203613,4.329563958017388,,21.11271023750305,5.922070026397705,3.5891351670143194,
sd-turbo,television with show playing,257,20.95840871334076,5.5321245193481445,3.3348913750087377,,21.20588719844818,5.891988277435303,3.4973827920039184,
sd-turbo,television with show playing,266,21.644163131713867,5.902936935424805,3.1676065000065137,,20.94886302947998,5.997158050537109,3.654834666987881,
sd-turbo,television with show playing,267,20.598982274532318,5.924154281616211,3.249950291996356,,21.359582245349884,6.014924049377441,3.7838034159794915,
sd-turbo,television with show playing,289,21.98747992515564,5.29337215423584,3.3137789169850294,,22.685538232326508,5.5518598556518555,3.5309401669946965,
sd-turbo,television with show playing,311,20.947495102882385,5.535665512084961,3.355190041998867,,20.820048451423645,5.742000579833984,3.6107513750030193,
sd-turbo,television with show playing,318,21.401304006576538,5.573236465454102,3.310169375006808,,20.993372797966003,6.068587303161621,3.827472333010519,
sd-turbo,television with show playing,324,21.01655900478363,5.816977500915527,4.160833792004269,,20.579147338867188,5.923724174499512,4.067586791992653,
sd-turbo,television with show playing,328,22.616907954216003,5.564639091491699,3.6289123329916038,,21.37475609779358,5.696812152862549,3.629590249998728,
sd-turbo,television with show playing,334,21.299557387828827,5.589199542999268,3.9246169999823906,,20.470833778381348,5.68782901763916,3.8219429579912685,
sd-turbo,television with show playing,339,20.967870950698853,5.416346549987793,3.9703894590202253,,19.4743812084198,5.778696060180664,3.913129333028337,
sd-turbo,television with show playing,342,21.928587555885315,5.736517429351807,3.8526437079999596,,20.93300223350525,5.868303298950195,3.5512117499893066,
sd-turbo,television with show playing,363,21.815846860408783,5.72298526763916,3.151702250004746,,21.392586827278137,6.066682815551758,3.9844456250139046,
sd-turbo,television with show playing,367,21.419072151184082,5.6500654220581055,4.159486625023419,,22.247225046157837,6.018080234527588,3.6378815000061877,
sd-turbo,television with show playing,395,22.76754528284073,5.400304317474365,3.1283097499981523,,21.07587605714798,5.734633445739746,3.4547209159936756,
sd-turbo,television with show playing,409,20.966769754886627,5.7793426513671875,3.352337832999183,,20.085588097572327,5.899792671203613,3.5128291669825558,
sd-turbo,television with show playing,415,23.96988868713379,5.585759162902832,4.09432883298723,,20.818796753883362,5.980108261108398,3.8389107499970123,
sd-turbo,television with show playing,431,21.41154110431671,5.666008949279785,3.8934959579783026,,21.151763200759888,5.7470598220825195,3.70539791698684,
sd-turbo,television with show playing,445,22.462426126003265,5.651872634887695,3.199568999989424,,21.19075357913971,5.959096908569336,3.611444665992167,
sd-turbo,television with show playing,454,21.267180144786835,5.879319190979004,3.3859835829935037,,21.20901346206665,6.040254592895508,4.796247291989857,
sd-turbo,television with show playing,459,21.60601019859314,5.683572769165039,4.138742582988925,,19.963519275188446,5.951221466064453,3.795084416982718,
sd-turbo,television with show playing,484,20.956167578697205,5.668966293334961,3.5142521670204587,,21.77528142929077,5.656018257141113,3.9438308749813586,
sd-turbo,television with show playing,489,22.789882123470306,5.5207719802856445,3.3338463339896407,,21.117979288101196,5.870851516723633,3.658664167014649,
sd-turbo,television with show playing,498,22.60671555995941,5.4004364013671875,3.737138208001852,,21.833530068397522,5.807802200317383,3.6133328329888172,
sd-turbo,television with show playing,506,20.26970684528351,5.745649337768555,3.388786915980745,,22.012929618358612,5.754264831542969,3.602400083997054,
sd-turbo,television with show playing,517,21.70286774635315,5.73123836517334,3.9382971659942996,,21.801796555519104,5.7287492752075195,4.520411792007508,
sd-turbo,television with show playing,521,21.60719186067581,5.82463264465332,4.064511333010159,,20.44152170419693,5.938409805297852,3.6600215419894084,
sd-turbo,television with show playing,524,22.51146286725998,5.64082145690918,3.432810874975985,,20.965449512004852,5.944169998168945,3.72289504201035,
sd-turbo,television with show playing,534,22.29078859090805,5.358063697814941,3.1849081669934094,,21.129140257835388,5.908058166503906,3.6297501670196652,
sd-turbo,television with show playing,546,21.53969407081604,5.321150302886963,3.153407250007149,,21.614646911621094,5.527726173400879,3.6544092500116676,
sd-turbo,television with show playing,557,22.40184247493744,4.440360069274902,3.6057778329995926,,21.124614775180817,5.894147872924805,3.499417999992147,
sd-turbo,television with show playing,562,21.62356525659561,5.300511837005615,3.9413022920198273,,21.685826778411865,5.683032035827637,3.546011834027013,
sd-turbo,television with show playing,566,20.909011363983154,6.179872512817383,4.420712249993812,,20.145700871944427,6.178813934326172,3.6454003330145497,
sd-turbo,television with show playing,574,21.184495091438293,5.795191764831543,4.030495957995299,,20.80729305744171,6.0245771408081055,3.61440170800779,
sd-turbo,television with show playing,582,22.226616740226746,5.266068935394287,3.3950136660132557,,22.06135392189026,5.7458109855651855,3.5302604579774197,
sd-turbo,television with show playing,598,21.056705713272095,5.874640464782715,3.2590920829970855,,20.1053649187088,6.084758281707764,3.6773728329862934,
sd-turbo,television with show playing,617,23.655502498149872,5.44056510925293,3.7476601249945816,,20.997247099876404,5.574245452880859,3.5268081660033204,
sd-turbo,television with show playing,626,21.381139755249023,5.742433547973633,3.327353000000585,,21.313568949699402,5.707279682159424,3.6521217499976046,
sd-turbo,television with show playing,627,24.11878854036331,6.009241104125977,3.2224677499907557,,21.230298280715942,5.878783226013184,4.6108281670021825,
sd-turbo,television with show playing,634,22.036270797252655,5.3630523681640625,4.1234100840229075,,20.93929350376129,5.802774906158447,3.5402153749892022,
sd-turbo,television with show playing,641,21.71471416950226,5.713361740112305,3.239316334016621,,21.315422654151917,5.828493595123291,3.558876291004708,
sd-turbo,television with show playing,656,21.441322565078735,5.6257243156433105,3.555302415974438,,21.38538360595703,6.017216682434082,3.7034625000087544,
sd-turbo,television with show playing,685,21.568718552589417,5.716686725616455,4.156063083006302,,20.04629373550415,5.720026016235352,3.844471916992916,
sd-turbo,television with show playing,701,21.64214253425598,5.449313163757324,3.970259041991085,,20.815232396125793,5.900876998901367,3.568752499995753,
sd-turbo,television with show playing,721,21.92460596561432,5.320793628692627,3.230386750015896,,21.673129498958588,5.879792213439941,3.710102042008657,
sd-turbo,television with show playing,723,21.077053248882294,5.583440780639648,4.663567458977923,,20.736147463321686,5.835727691650391,3.6348973750136793,
sd-turbo,television with show playing,728,21.766138076782227,5.761155128479004,4.325226457993267,,20.55332660675049,6.142920017242432,3.730377583007794,
sd-turbo,television with show playing,737,20.67030221223831,6.06730842590332,3.260650625015842,,21.618111431598663,5.744361400604248,3.508319999993546,
sd-turbo,television with show playing,748,22.304590046405792,5.3823652267456055,3.3518484169908334,,21.109363436698914,6.02212381362915,3.5458807079994585,
sd-turbo,television with show playing,774,20.948202908039093,5.9258599281311035,3.3176737500180025,,20.807090401649475,5.986438751220703,3.572780083020916,
sd-turbo,television with show playing,777,23.1376513838768,5.138683319091797,4.253931165992981,,21.06400728225708,5.752557277679443,3.8043194170168135,
sd-turbo,television with show playing,803,21.361351013183594,5.481637001037598,4.791582417004975,,20.07243037223816,5.873887062072754,3.7883239590155426,
sd-turbo,television with show playing,804,21.075400710105896,5.806394577026367,4.095078749989625,,21.6073215007782,5.962687015533447,3.5812781249987893,
sd-turbo,television with show playing,819,20.82972228527069,5.978738784790039,3.443088792002527,,21.150627732276917,5.997565746307373,3.5360485830169637,
sd-turbo,television with show playing,823,21.587347984313965,5.821684837341309,3.341321500018239,,20.10147273540497,5.828117847442627,3.566502166999271,
sd-turbo,television with show playing,825,22.00298011302948,5.690852165222168,3.157420457981061,,21.366199851036072,5.818047523498535,3.5075722910114564,
sd-turbo,television with show playing,830,19.990357756614685,5.695509433746338,3.32555224999669,,20.861637592315674,5.834997177124023,3.464150666986825,
sd-turbo,television with show playing,845,21.740949153900146,5.684033393859863,4.055079417012166,,20.484596490859985,5.9447455406188965,3.730225832987344,
sd-turbo,television with show playing,848,22.807230055332184,5.583268642425537,4.47471220800071,,21.354031562805176,5.5623321533203125,3.5734838749922346,
sd-turbo,television with show playing,850,20.652657747268677,6.034930229187012,4.070011625008192,,22.03887701034546,5.455570220947266,3.585347207990708,
sd-turbo,television with show playing,861,21.24866098165512,5.544926166534424,3.2443485830153804,,21.466386318206787,5.861618995666504,3.611656207998749,
sd-turbo,television with show playing,865,21.519872546195984,5.77750301361084,3.1756632500037085,,20.708253979682922,5.888548851013184,4.077633624983719,
sd-turbo,television with show playing,871,21.535693109035492,5.480033874511719,3.784001749998424,,20.49110233783722,5.559314727783203,3.469441207998898,
sd-turbo,television with show playing,887,21.690288186073303,5.810520172119141,3.1793720420100726,,20.95908224582672,6.089113235473633,3.4665032920020167,
sd-turbo,television with show playing,889,21.577554941177368,5.5810322761535645,3.3304395000159275,,20.673274993896484,5.926196575164795,4.293320541008143,
sd-turbo,television with show playing,892,20.430302619934082,5.8018083572387695,3.943304167012684,,20.031987130641937,6.033442497253418,3.3975242089945823,
sd-turbo,television with show playing,897,21.332833170890808,5.785590171813965,3.23358037500293,,20.755228400230408,5.966114044189453,3.461860750016058,
sd-turbo,television with show playing,910,20.90924084186554,5.761786460876465,3.2473150829900987,,22.112339735031128,5.811185359954834,3.7184773749904707,
sd-turbo,television with show playing,912,20.75996994972229,5.60567569732666,3.1251112919999287,,20.292049646377563,6.062465190887451,3.826802791998489,
sd-turbo,television with show playing,914,23.124125599861145,5.478339672088623,3.1838131249824073,,20.631031692028046,5.746323585510254,3.4803862079861574,
sd-turbo,television with show playing,921,21.214061975479126,5.794551849365234,3.20574974999181,,20.560719072818756,5.3787689208984375,3.713422000000719,
sd-turbo,television with show playing,924,22.35482633113861,5.610462665557861,3.297505791997537,,20.87475210428238,6.055575370788574,4.940694707998773,
sd-turbo,television with show playing,930,21.40462100505829,5.306199550628662,3.963285709003685,,21.313397586345673,5.8847432136535645,3.536461417010287,
sd-turbo,television with show playing,932,20.76079249382019,5.739870071411133,4.1033039999892935,,20.751097798347473,5.916050910949707,3.797868749999907,
sd-turbo,television with show playing,935,24.244114756584167,5.273214340209961,3.5048040409747045,,23.600202798843384,5.465353012084961,3.523432792018866,
sd-turbo,television with show playing,941,21.65111154317856,5.886531829833984,4.468411666020984,,21.51627540588379,5.991994857788086,4.582473750022473,
sd-turbo,television with show playing,961,22.077587246894836,5.515627861022949,4.690859666996403,,21.25498056411743,5.781851768493652,3.950328749982873,
sd-turbo,television with show playing,985,20.005792379379272,6.092072486877441,4.909355541021796,,20.982350409030914,5.88723087310791,3.9970075840246864,
sd-turbo,television with show playing,989,20.952101051807404,5.744106292724609,3.983703542005969,,21.190810203552246,5.997516632080078,3.634322666999651,
sdxl-turbo,car,2,21.6615229845047,6.471292018890381,9.989273374987533,/Users/kevingeng07/Reffusion Project/benchmark/output_two_stage/images/sdxl-turbo/car/stage1_seed_2.png,22.026869654655457,6.44352388381958,17.52922829100862,/Users/kevingeng07/Reffusion Project/benchmark/output_two_stage/images/sdxl-turbo/car/stage2_seed_2.png
sdxl-turbo,car,15,20.009678602218628,6.414324760437012,22.093536708009196,/Users/kevingeng07/Reffusion Project/benchmark/output_two_stage/images/sdxl-turbo/car/stage1_seed_15.png,22.510600090026855,6.144148826599121,9.253850665991195,/Users/kevingeng07/Reffusion Project/benchmark/output_two_stage/images/sdxl-turbo/car/stage2_seed_15.png
sdxl-turbo,car,42,19.81538236141205,6.443215370178223,18.725161541980924,/Users/kevingeng07/Reffusion Project/benchmark/output_two_stage/images/sdxl-turbo/car/stage1_seed_42.png,22.8443443775177,6.020260334014893,9.270257583004422,/Users/kevingeng07/Reffusion Project/benchmark/output_two_stage/images/sdxl-turbo/car/stage2_seed_42.png
sdxl-turbo,car,64,20.157113671302795,6.149026870727539,19.389864833006868,/Users/kevingeng07/Reffusion Project/benchmark/output_two_stage/images/sdxl-turbo/car/stage1_seed_64.png,21.632546186447144,6.234233856201172,8.736300332995597,/Users/kevingeng07/Reffusion Project/benchmark/output_two_stage/images/sdxl-turbo/car/stage2_seed_64.png
sdxl-turbo,car,65,21.09019160270691,5.5417938232421875,13.344985542003997,/Users/kevingeng07/Reffusion Project/benchmark/output_two_stage/images/sdxl-turbo/car/stage1_seed_65.png,18.853576481342316,5.426692008972168,8.586553000001004,/Users/kevingeng07/Reffusion Project/benchmark/output_two_stage/images/sdxl-turbo/car/stage2_seed_65.png
sdxl-turbo,car,76,18.70899200439453,6.01038122177124,19.40719712502323,,18.83118450641632,5.7144670486450195,8.064129333011806,
sdxl-turbo,car,83,22.147859632968903,6.117171287536621,33.63988645898644,,21.90813571214676,5.8688249588012695,11.377261959016323,
sdxl-turbo,car,94,21.719911694526672,6.552053928375244,16.093319167004665,,20.499718189239502,5.650704383850098,7.809835583000677,
sdxl-turbo,car,96,20.46426832675934,6.713523864746094,17.371867583016865,,22.340960800647736,4.942556858062744,7.7392295410099905,
sdxl-turbo,car,98,20.77234387397766,5.767406940460205,21.037173165997956,,20.803166925907135,6.220165729522705,7.764034416002687,
sdxl-turbo,car,102,22.41022437810898,6.584466934204102,17.18038091697963,,20.899713039398193,5.409374237060547,7.731953042006353,
sdxl-turbo,car,104,19.99763399362564,6.508662223815918,20.72702737498912,,22.446343302726746,5.5189528465271,7.815410041017458,
sdxl-turbo,car,143,22.92991876602173,5.915095329284668,33.810026874998584,,22.1235990524292,5.255041122436523,11.650746500003152,
sdxl-turbo,car,144,20.499013364315033,5.899447917938232,17.179167624999536,,19.032734632492065,5.613462448120117,8.090944333001971,
sdxl-turbo,car,146,20.412857830524445,6.2157440185546875,30.15371458302252,,22.378729283809662,4.568856716156006,9.59863375002169,
sdxl-turbo,car,151,20.946401357650757,6.4083099365234375,15.336656083003618,,22.673577070236206,6.4470744132995605,9.04481512500206,
sdxl-turbo,car,196,20.46034038066864,5.546416282653809,56.20327579200966,,16.78065061569214,4.9465532302856445,343.4493229170039,
sdxl-turbo,car,210,19.92824375629425,6.4910478591918945,324.03754237500834,,23.292307555675507,5.9356608390808105,280.13712095899973,
sdxl-turbo,car,224,19.749493896961212,5.9124040603637695,128.82215729201562,,21.736493706703186,6.044031143188477,17.24527537499671,
sdxl-turbo,car,228,18.68666410446167,5.4521098136901855,59.20088470799965,,22.27635681629181,5.8678059577941895,47.22004129199195,
sdxl-turbo,car,245,23.433788120746613,5.977734565734863,19.007534250005847,,24.41861629486084,5.316074371337891,7.350134915992385,
sdxl-turbo,car,250,21.22706174850464,6.619909286499023,20.908189832989592,,22.42027074098587,5.541719436645508,7.387575083004776,
sdxl-turbo,car,257,22.488105297088623,6.508847236633301,15.821239000011701,,24.281272292137146,5.919641494750977,7.423589000012726,
sdxl-turbo,car,266,21.167343854904175,6.694211006164551,14.297861250001006,,23.86464625597,6.314253807067871,7.747473666997394,
sdxl-turbo,car,267,20.941519737243652,6.077095031738281,16.185707249998813,,17.905572056770325,5.475055694580078,7.635646915994585,
sdxl-turbo,car,289,21.33496105670929,6.203275680541992,49.03428583301138,,21.022135019302368,5.736530303955078,76.64081629097927,
sdxl-turbo,car,311,18.80798190832138,6.077662944793701,40.038230791979004,,18.20288896560669,5.723984718322754,19.017427417013096,
sdxl-turbo,car,318,20.57826519012451,6.151381492614746,15.615705791977234,,22.867316007614136,5.909731388092041,8.190605624986347,
sdxl-turbo,car,324,20.837301015853882,5.86649751663208,18.21907804100192,,19.146494567394257,5.311022758483887,7.950293333007721,
sdxl-turbo,car,328,19.574320316314697,6.248833656311035,15.370849833998363,,19.640447199344635,5.707413673400879,7.756298374995822,
sdxl-turbo,car,334,19.406375288963318,6.660367488861084,14.58053433301393,,22.42494225502014,5.672206878662109,8.704506416979712,
sdxl-turbo,car,339,20.246165990829468,5.922362327575684,50.03049512501457,,16.06760025024414,5.814957618713379,9.615350708016194,
sdxl-turbo,car,342,22.19136953353882,6.907855033874512,18.62274362501921,,24.85063374042511,6.170279502868652,7.955826958001126,
sdxl-turbo,car,363,22.776371240615845,6.577166557312012,21.838743041997077,,23.113182187080383,5.9816389083862305,7.581202208995819,
sdxl-turbo,car,367,20.58378756046295,6.543015956878662,13.911335875018267,,21.526190638542175,5.8812055587768555,7.7128868750005495,
sdxl-turbo,car,395,21.066240966320038,6.030517578125,12.676305625005625,,22.149096429347992,5.254782676696777,7.60375487501733,
sdxl-turbo,car,409,20.09594440460205,6.523308277130127,24.170526958012488,,21.246935427188873,6.0582661628723145,7.9928387079853565,
sdxl-turbo,car,415,20.494017004966736,6.257232666015625,18.11250033302349,,21.06764018535614,5.677972793579102,10.176448165992042,
sdxl-turbo,car,431,19.377273321151733,5.964705467224121,17.398012958001345,,17.65279471874237,5.666004180908203,7.641986375005217,
sdxl-turbo,car,445,18.836790323257446,6.147830963134766,51.98028400001931,,22.800348699092865,5.886551856994629,12.611457499995595,
sdxl-turbo,car,454,19.633637368679047,5.631601333618164,40.91575208300492,,19.97509002685547,5.457795143127441,11.795207500021206,
sdxl-turbo,car,459,20.299524068832397,6.082241058349609,15.044332291989122,,20.702101290225983,5.837881565093994,8.331323999998858,
sdxl-turbo,car,484,19.955578446388245,5.955166339874268,20.641274499997962,,21.975217759609222,5.2770586013793945,8.001676750020124,
sdxl-turbo,car,489,21.195535361766815,5.757379531860352,17.09623308299342,,22.65477478504181,5.745025634765625,7.593551916012075,
sdxl-turbo,car,498,22.296425700187683,6.689289093017578,15.58189229198615,,22.66579568386078,5.995882034301758,7.4355812090216205,
sdxl-turbo,car,506,19.592206180095673,6.351219177246094,22.259183082991512,,21.688050031661987,6.087765693664551,7.680323707987554,
sdxl-turbo,car,517,18.464604020118713,5.980118751525879,14.779743541002972,,21.298231184482574,5.4779205322265625,7.665780165989418,
sdxl-turbo,car,521,22.163492441177368,6.371283531188965,15.447111999994377,,20.312556624412537,5.7900543212890625,7.623115250025876,
sdxl-turbo,car,524,19.195160269737244,6.3836774826049805,29.932354707998456,,20.90861201286316,5.963987350463867,7.568931582994992,
sdxl-turbo,car,534,18.290066719055176,6.190841197967529,18.56651508298819,,16.702373325824738,5.477980136871338,7.494303999992553,
sdxl-turbo,car,546,19.439053535461426,5.512436866760254,13.747946125018643,,20.942333340644836,5.473319053649902,7.446804707986303,
sdxl-turbo,car,557,18.958932161331177,5.435451030731201,11.767187959019793,,16.113796830177307,5.376278877258301,7.988473624980543,
sdxl-turbo,car,562,20.375069975852966,5.969634056091309,19.133735915995203,,18.47098171710968,5.453944206237793,8.269030999974348,
sdxl-turbo,car,566,19.89513337612152,6.761879920959473,17.237469583022175,,19.524282217025757,5.398125648498535,7.433704625000246,
sdxl-turbo,car,574,20.12181431055069,6.266386985778809,11.853150542010553,,23.388299345970154,5.917266845703125,7.615839624981163,
sdxl-turbo,car,582,20.80325037240982,5.355932712554932,11.996625999978278,,22.650063037872314,4.861049175262451,8.341338416998042,
sdxl-turbo,car,598,20.976300537586212,6.023366928100586,14.712299375009025,,19.289737939834595,5.7170257568359375,7.602251916978275,
sdxl-turbo,car,617,20.61000168323517,7.0339131355285645,14.909698082978139,,24.3465393781662,5.954904556274414,6.848713541985489,
sdxl-turbo,car,626,19.7960764169693,6.255984306335449,12.685439957975177,,26.47618055343628,5.622340679168701,7.7383247499819845,
sdxl-turbo,car,627,19.285736978054047,6.260865688323975,12.503584249992855,,15.766678750514984,5.4287261962890625,9.6228858329996,
sdxl-turbo,car,634,18.465736508369446,5.759887218475342,14.550134999997681,,22.384074330329895,6.004267692565918,7.4226186250161845,
sdxl-turbo,car,641,23.295462131500244,6.729812145233154,12.024902000004658,,23.136940598487854,5.812832355499268,8.323545582999941,
sdxl-turbo,car,656,20.135146379470825,6.397086143493652,18.370926291012438,,23.264572024345398,6.643798828125,7.790747749997536,
sdxl-turbo,car,685,18.675974011421204,6.075674057006836,15.254508083016844,,16.7205810546875,4.967402458190918,7.7081688750186,
sdxl-turbo,car,701,19.005469977855682,6.272003173828125,16.590855999995256,,15.927565097808838,5.401230812072754,7.589490958984243,
sdxl-turbo,car,721,19.967319071292877,6.487693786621094,23.81009354197886,,21.94235771894455,5.354175090789795,7.805912833020557,
sdxl-turbo,car,723,19.369587302207947,6.125038146972656,13.371044833998894,,22.250689566135406,5.699394702911377,7.4966569999814965,
sdxl-turbo,car,728,20.15208601951599,6.329283714294434,12.422794833983062,,22.383330762386322,6.104490280151367,7.693060958001297,
sdxl-turbo,car,737,18.67680698633194,5.560983180999756,12.39055820798967,,19.02453601360321,5.857694625854492,7.288090499991085,
sdxl-turbo,car,748,21.28387540578842,5.6672515869140625,14.46311800001422,,21.863865852355957,5.799952507019043,7.6524145000148565,
sdxl-turbo,car,774,21.611419320106506,6.241720199584961,12.152238417009357,,20.634260773658752,5.998395919799805,7.521316542028217,
sdxl-turbo,car,777,20.891597867012024,6.572449207305908,18.28647270798683,,22.148776054382324,6.5930562019348145,8.319431290990906,
sdxl-turbo,car,803,20.730750262737274,5.993992805480957,14.106814290978946,,20.443348586559296,5.093448638916016,7.587589542003116,
sdxl-turbo,car,804,19.442565739154816,6.4988884925842285,15.834158332989318,,21.817035973072052,6.165988922119141,7.422154082974885,
sdxl-turbo,car,819,21.658723056316376,6.052209377288818,17.336942374997307,,24.246804416179657,5.828701019287109,7.7347699999809265,
sdxl-turbo,car,823,20.955683290958405,6.593326568603516,13.02213904101518,,19.86849009990692,5.969091892242432,8.083056458010105,
sdxl-turbo,car,825,18.111652135849,5.424409866333008,22.720470000000205,,17.495721578598022,5.499802589416504,7.821636083011981,
sdxl-turbo,car,830,20.19445300102234,6.365216255187988,17.85902691699448,,20.350348949432373,6.111872673034668,8.872366791998502,
sdxl-turbo,car,845,19.518309831619263,6.048030376434326,12.749474250013009,,18.944597244262695,5.6868085861206055,9.017339707992505,
sdxl-turbo,car,848,20.197507739067078,6.054234504699707,17.46745870797895,,22.1454918384552,6.138273239135742,7.882105500000762,
sdxl-turbo,car,850,20.04943937063217,5.797993183135986,17.070910666981945,,22.81384766101837,5.379917144775391,7.305110584013164,
sdxl-turbo,car,861,19.554810225963593,6.104894638061523,17.120307500008494,,19.24285590648651,5.683767318725586,7.656388375005918,
sdxl-turbo,car,865,19.17937994003296,6.06517219543457,18.601279124995926,,22.781553864479065,5.677824974060059,7.634593790979125,
sdxl-turbo,car,871,19.512556493282318,5.927774429321289,14.41758187499363,,21.718622744083405,5.6309332847595215,8.193167999997968,
sdxl-turbo,car,887,18.405136466026306,5.719943046569824,14.614384584012441,,19.923992455005646,5.745954513549805,7.579840082995361,
sdxl-turbo,car,889,21.095746755599976,6.604294776916504,14.19597500000964,,22.15370088815689,5.344600677490234,7.601443666993873,
sdxl-turbo,car,892,18.562565743923187,6.1977081298828125,19.504090875008842,,20.575344562530518,5.869132995605469,7.46061495799222,
sdxl-turbo,car,897,19.685129821300507,5.908974647521973,14.659426917001838,,19.74889636039734,5.573442459106445,7.264967875002185,
sdxl-turbo,car,910,20.910556614398956,6.0434675216674805,19.103339458000846,,20.784863829612732,5.396714210510254,8.614225583005464,
sdxl-turbo,car,912,20.015501976013184,6.059528350830078,62.15510533400811,,19.411619007587433,5.448602676391602,12.897637917019892,
sdxl-turbo,car,914,20.062363147735596,6.278120040893555,15.203602249996038,,23.39148223400116,6.010775566101074,7.672863791987766,
sdxl-turbo,car,921,23.293033242225647,6.101309299468994,13.515142124990234,,23.68910014629364,5.991483688354492,7.372365332994377,
sdxl-turbo,car,924,23.801052570343018,6.679069519042969,10.902355957980035,,23.61542582511902,5.075366973876953,7.549827458977234,
sdxl-turbo,car,930,22.347237169742584,6.811989784240723,18.991058541985694,,19.245196878910065,5.216638565063477,92.2830529580242,
sdxl-turbo,car,932,23.4879732131958,6.512964248657227,47.162949624995235,,24.171927571296692,5.800300121307373,12.685738541011233,
sdxl-turbo,car,935,20.297227799892426,5.969853401184082,21.969695208012126,,21.051740646362305,5.760910987854004,9.203963249980006,
sdxl-turbo,car,941,23.31051379442215,6.572808265686035,14.271870249998756,,22.629821300506592,5.587477684020996,7.711309541016817,
sdxl-turbo,car,961,20.55354416370392,6.151504993438721,18.371203582995804,,20.941026508808136,5.377203464508057,7.701459541975055,
sdxl-turbo,car,985,21.235793828964233,6.2454118728637695,12.55755612498615,,24.702927470207214,5.351222515106201,7.5331772080098744,
sdxl-turbo,car,989,20.492367446422577,6.776374816894531,84.12352633298724,,22.852447628974915,6.259954452514648,21.385790083004395,
sdxl-turbo,caucasian male,2,24.603788554668427,6.595828533172607,33.89567683299538,/Users/kevingeng07/Reffusion Project/benchmark/output_two_stage/images/sdxl-turbo/caucasian-male/stage1_seed_2.png,23.67943674325943,6.8913373947143555,7.434756292001111,/Users/kevingeng07/Reffusion Project/benchmark/output_two_stage/images/sdxl-turbo/caucasian-male/stage2_seed_2.png
sdxl-turbo,caucasian male,15,21.153998374938965,6.159782409667969,10.034595708013512,/Users/kevingeng07/Reffusion Project/benchmark/output_two_stage/images/sdxl-turbo/caucasian-male/stage1_seed_15.png,20.784159004688263,6.084524154663086,7.401791792013682,/Users/kevingeng07/Reffusion Project/benchmark/output_two_stage/images/sdxl-turbo/caucasian-male/stage2_seed_15.png
sdxl-turbo,caucasian male,42,24.65555965900421,6.972940921783447,9.801997957983986,/Users/kevingeng07/Reffusion Project/benchmark/output_two_stage/images/sdxl-turbo/caucasian-male/stage1_seed_42.png,23.857371509075165,6.598516464233398,7.779150834016036,/Users/kevingeng07/Reffusion Project/benchmark/output_two_stage/images/sdxl-turbo/caucasian-male/stage2_seed_42.png
sdxl-turbo,caucasian male,64,22.694136202335358,6.8387250900268555,9.7189688749786,/Users/kevingeng07/Reffusion Project/benchmark/output_two_stage/images/sdxl-turbo/caucasian-male/stage1_seed_64.png,21.26336097717285,6.586285591125488,6.699848291988019,/Users/kevingeng07/Reffusion Project/benchmark/output_two_stage/images/sdxl-turbo/caucasian-male/stage2_seed_64.png
sdxl-turbo,caucasian male,65,24.832811951637268,6.246275901794434,8.181109166005626,/Users/kevingeng07/Reffusion Project/benchmark/output_two_stage/images/sdxl-turbo/caucasian-male/stage1_seed_65.png,23.645594716072083,6.377838134765625,7.148217791022034,/Users/kevingeng07/Reffusion Project/benchmark/output_two_stage/images/sdxl-turbo/caucasian-male/stage2_seed_65.png
sdxl-turbo,caucasian male,76,25.610703229904175,5.952470302581787,17.1958070420078,,23.77590835094452,6.99837589263916,16.779884249990573,
sdxl-turbo,caucasian male,83,24.156031012535095,7.008265495300293,11.231276458973298,,21.72522246837616,6.69070291519165,7.59118116699392,
sdxl-turbo,caucasian male,94,24.815741181373596,6.3668107986450195,9.868006249977043,,23.593837022781372,6.630831718444824,6.7630480420193635,
sdxl-turbo,caucasian male,96,21.512264013290405,6.441354751586914,8.363921832991764,,21.433445811271667,6.766098976135254,6.533141374995466,
sdxl-turbo,caucasian male,98,22.870928049087524,6.350100994110107,7.218132959009381,,19.435276091098785,6.484296798706055,7.326033374993131,
sdxl-turbo,caucasian male,102,24.738624691963196,5.869858741760254,8.712394333007978,,23.97482693195343,6.92995548248291,6.733742707991041,
sdxl-turbo,caucasian male,104,25.846028327941895,6.417811870574951,7.270064708020072,,24.629060924053192,6.8695902824401855,7.371525458001997,
sdxl-turbo,caucasian male,143,20.956195890903473,6.1830644607543945,8.433067042002222,,22.488099336624146,6.288974285125732,6.934796083020046,
sdxl-turbo,caucasian male,144,23.486097157001495,6.190522193908691,9.146090374997584,,24.648594856262207,6.164381980895996,6.957257917005336,
sdxl-turbo,caucasian male,146,21.792125701904297,6.250592231750488,8.050747541012242,,23.88894259929657,7.279232025146484,6.86357649997808,
sdxl-turbo,caucasian male,151,25.70755183696747,5.768655776977539,7.577063083997928,,23.229292035102844,6.615022659301758,6.802999667008407,
sdxl-turbo,caucasian male,196,23.842594027519226,6.241757392883301,7.453517290996388,,22.601088881492615,6.503823280334473,6.849259208014701,
sdxl-turbo,caucasian male,210,24.54279661178589,6.602383136749268,7.160152334021404,,23.506654798984528,6.725750923156738,6.9957701670064125,
sdxl-turbo,caucasian male,224,21.81689739227295,6.5828142166137695,8.714964791986858,,22.961410880088806,6.866364002227783,7.03474595802254,
sdxl-turbo,caucasian male,228,21.49382382631302,6.041304111480713,9.360414250026224,,22.173091769218445,6.652561187744141,7.414041749987518,
sdxl-turbo,caucasian male,245,23.870229721069336,6.896415710449219,8.544313541991869,,23.886072635650635,6.917023658752441,6.671993083989946,
sdxl-turbo,caucasian male,250,22.67637848854065,5.933927059173584,8.52419891700265,,23.18144291639328,7.09299373626709,7.0672627500025555,
sdxl-turbo,caucasian male,257,23.91316145658493,6.09985876083374,7.844089624995831,,22.90383279323578,7.092166900634766,7.039146333001554,
sdxl-turbo,caucasian male,266,22.005116939544678,6.729310989379883,7.392740750015946,,20.943599939346313,6.3119797706604,7.2097689590009395,
sdxl-turbo,caucasian male,267,24.14252907037735,6.495230674743652,7.275391167000635,,23.885086178779602,6.677150726318359,6.9525032920064405,
sdxl-turbo,caucasian male,289,24.066317081451416,6.115081310272217,9.667485417012358,,22.838935256004333,6.380122661590576,6.974672582990024,
sdxl-turbo,caucasian male,311,23.017653822898865,5.636255741119385,7.5434382499952335,,21.46652489900589,6.056019306182861,6.726847416983219,
sdxl-turbo,caucasian male,318,23.137487471103668,6.876376152038574,7.473131667007692,,22.832030057907104,6.340065956115723,6.581537124991883,
sdxl-turbo,caucasian male,324,22.67068177461624,6.698334693908691,7.138520500011509,,21.476861834526062,6.717314720153809,6.662156667007366,
sdxl-turbo,caucasian male,328,25.41223168373108,6.731757164001465,9.411181707982905,,22.528547048568726,6.86014461517334,6.978021124989027,
sdxl-turbo,caucasian male,334,25.094714760780334,6.169185161590576,7.53773850001744,,22.02039211988449,6.414037227630615,6.93533454099088,
sdxl-turbo,caucasian male,339,22.69338071346283,6.595404148101807,8.056423582980642,,21.283984184265137,6.646396160125732,6.647028665989637,
sdxl-turbo,caucasian male,342,24.691689014434814,7.005533218383789,7.324946375010768,,23.518337309360504,6.927272319793701,6.901011917012511,
sdxl-turbo,caucasian male,363,20.50655484199524,6.284078121185303,8.08382487500785,,21.623191237449646,6.338574409484863,6.833997957990505,
sdxl-turbo,caucasian male,367,24.883466958999634,5.871359348297119,7.556490292015951,,23.457735776901245,6.0514726638793945,6.951246084005106,
sdxl-turbo,caucasian male,395,22.805657982826233,5.972424507141113,8.178145292011322,,24.81173723936081,7.142149925231934,6.834942291985499,
sdxl-turbo,caucasian male,409,25.37057399749756,6.040401458740234,7.941523375018733,,21.904289722442627,6.327608108520508,7.737629167007981,
sdxl-turbo,caucasian male,415,24.11123216152191,6.3342390060424805,8.610274124977877,,22.476129233837128,6.876772880554199,7.036111042019911,
sdxl-turbo,caucasian male,431,25.70827007293701,7.1954345703125,8.214838082989445,,25.360846519470215,7.437522888183594,7.150748832995305,
sdxl-turbo,caucasian male,445,24.499167501926422,7.010444164276123,7.561349708004855,,24.57127571105957,7.114022254943848,6.183998874999816,
sdxl-turbo,caucasian male,454,22.442668676376343,6.884859085083008,7.609199582977453,,22.00082242488861,6.7501115798950195,6.6736310420092195,
sdxl-turbo,caucasian male,459,24.350470304489136,6.482440948486328,7.54707437500474,,23.071736097335815,6.337936878204346,7.172775125014596,
sdxl-turbo,caucasian male,484,24.02845323085785,6.704652786254883,7.408044541021809,,23.573005199432373,6.654849052429199,6.899340750009287,
sdxl-turbo,caucasian male,489,25.818216800689697,5.803784370422363,7.246096457995009,,21.40931487083435,6.441331386566162,5.803384625003673,
sdxl-turbo,caucasian male,498,24.12269115447998,6.214899063110352,7.666030333988601,,23.19246083498001,7.063625335693359,6.859226833010325,
sdxl-turbo,caucasian male,506,25.202929973602295,5.935642242431641,7.791331166983582,,22.773197293281555,6.65311336517334,6.537753291981062,
sdxl-turbo,caucasian male,517,25.327694416046143,6.447645664215088,7.410751624993281,,22.593924403190613,6.682981014251709,7.195987666986184,
sdxl-turbo,caucasian male,521,24.74946826696396,6.619421482086182,7.449795042019105,,24.162757396697998,6.995680332183838,7.078525000018999,
sdxl-turbo,caucasian male,524,25.47428011894226,6.233365535736084,7.1750826250063255,,22.13268280029297,6.681775093078613,7.683524666994344,
sdxl-turbo,caucasian male,534,24.789300560951233,6.2314252853393555,8.581050250009866,,23.115035891532898,6.827258110046387,6.531149166985415,
sdxl-turbo,caucasian male,546,23.165902495384216,6.008762359619141,8.01129704201594,,23.63150715827942,6.662076473236084,7.378576124989195,
sdxl-turbo,caucasian male,557,24.06749725341797,6.018282413482666,8.374456416990142,,22.04751968383789,6.522824287414551,6.891720292012906,
sdxl-turbo,caucasian male,562,20.245113968849182,5.586142063140869,7.526825250010006,,21.001726388931274,5.865042686462402,6.903172749996884,
sdxl-turbo,caucasian male,566,24.250897765159607,6.052238464355469,8.968879708991153,,23.05404245853424,6.580071449279785,7.2032397919974755,
sdxl-turbo,caucasian male,574,23.51568639278412,5.936858177185059,8.135402166022686,,23.416581749916077,5.974118709564209,7.011419292015489,
sdxl-turbo,caucasian male,582,25.115123391151428,6.300055503845215,7.841680167010054,,24.930869042873383,5.851484775543213,6.51175095900544,
sdxl-turbo,caucasian male,598,24.407778680324554,6.06948184967041,7.251216667005792,,23.686698079109192,6.640366077423096,6.417894542013528,
sdxl-turbo,caucasian male,617,23.434898257255554,6.342573165893555,7.9038963339990005,,23.510965704917908,5.953067779541016,6.8527128330024425,
sdxl-turbo,caucasian male,626,24.006152153015137,6.037275314331055,7.973651458014501,,23.573091626167297,6.0846076011657715,7.561530208011391,
sdxl-turbo,caucasian male,627,24.756181240081787,6.269089698791504,11.535086417017737,,24.60668534040451,6.774874687194824,7.200130667013582,
sdxl-turbo,caucasian male,634,24.9947652220726,6.263956546783447,8.351128042006167,,22.511115670204163,6.812793254852295,7.04343491702457,
sdxl-turbo,caucasian male,641,24.757732450962067,6.819581031799316,9.48437216700404,,23.317544162273407,7.247407913208008,6.713586249999935,
sdxl-turbo,caucasian male,656,24.772468209266663,6.995277404785156,8.120636958017712,,24.679717421531677,7.079276084899902,6.542190499982098,
sdxl-turbo,caucasian male,685,25.480645895004272,6.229616641998291,7.386650208005449,,23.124311864376068,6.198195934295654,7.388762249989668,
sdxl-turbo,caucasian male,701,24.543525278568268,6.484179973602295,9.977066708001075,,25.900763273239136,7.2533769607543945,7.030393249995541,
sdxl-turbo,caucasian male,721,22.805315256118774,6.2203593254089355,7.444524416991044,,21.589556336402893,6.421236038208008,8.03129266697215,
sdxl-turbo,caucasian male,723,24.330678582191467,6.070359230041504,9.579319790995214,,23.84694814682007,6.8347578048706055,6.831463583977893,
sdxl-turbo,caucasian male,728,25.271618366241455,6.775056838989258,8.177267166989623,,24.292103946208954,6.917291164398193,6.98409279200132,
sdxl-turbo,caucasian male,737,23.867574334144592,6.616617202758789,8.922587917011697,,21.97379767894745,6.849888801574707,7.86970549999387,
sdxl-turbo,caucasian male,748,25.626638531684875,5.640315055847168,32.16688829200575,,24.093344807624817,6.630678176879883,7.516698667022865,
sdxl-turbo,caucasian male,774,25.178426504135132,5.961185455322266,9.034926916006953,,22.687245905399323,6.23307991027832,8.509816290985327,
sdxl-turbo,caucasian male,777,20.978686213493347,6.430333137512207,12.957324791001156,,21.21226191520691,6.968926906585693,6.997337500011781,
sdxl-turbo,caucasian male,803,23.914317786693573,6.474651336669922,9.908503333979752,,24.270939826965332,7.089208126068115,7.2035869999963325,
sdxl-turbo,caucasian male,804,23.162217438220978,5.801666259765625,8.151036916999146,,21.514105796813965,6.807158946990967,6.972117750003235,
sdxl-turbo,caucasian male,819,22.311651706695557,6.673855781555176,8.458653832989512,,22.391924262046814,6.934447288513184,7.103989458002616,
sdxl-turbo,caucasian male,823,23.20653647184372,6.267955780029297,7.554562500008615,,20.98873108625412,7.0149126052856445,7.757579791010357,
sdxl-turbo,caucasian male,825,24.469749629497528,6.935557842254639,9.112478291994194,,21.844804286956787,6.630068778991699,7.382844124978874,
sdxl-turbo,caucasian male,830,24.07677471637726,6.668662071228027,8.582432333001634,,22.088898718357086,6.767098426818848,7.765478709014133,
sdxl-turbo,caucasian male,845,24.1931289434433,6.185281753540039,10.169465375016443,,22.91542738676071,6.636945724487305,6.705832834006287,
sdxl-turbo,caucasian male,848,22.621677815914154,6.039870738983154,7.744571583985817,,21.865570545196533,6.855053901672363,7.095421291014645,
sdxl-turbo,caucasian male,850,24.455782771110535,6.212788105010986,7.508685750013683,,23.10498356819153,7.004575729370117,7.374651999998605,
sdxl-turbo,caucasian male,861,26.35982036590576,5.927478313446045,9.926055999996606,,25.00203549861908,6.05448579788208,6.991298542008735,
sdxl-turbo,caucasian male,865,24.452874064445496,6.2364349365234375,7.708394582994515,,22.123539447784424,7.105951309204102,6.970986291998997,
sdxl-turbo,caucasian male,871,24.079948663711548,6.131773948669434,9.274423666996881,,21.417196094989777,6.503847599029541,7.059008416981669,
sdxl-turbo,caucasian male,887,23.6113041639328,6.212101936340332,8.358600999985356,,24.398216605186462,6.50460147857666,7.101258000009693,
sdxl-turbo,caucasian male,889,24.035364389419556,6.304960250854492,8.46606612499454,,22.467641532421112,6.306276321411133,7.599785500002326,
sdxl-turbo,caucasian male,892,21.947835385799408,6.359107494354248,10.976202042016666,,23.34372103214264,7.088637351989746,6.606150625011651,
sdxl-turbo,caucasian male,897,22.353336215019226,5.960741996765137,8.28314420901006,,21.102474629878998,7.030233383178711,7.667620457999874,
sdxl-turbo,caucasian male,910,24.574214220046997,7.165600776672363,9.257162375026383,,24.950945377349854,7.322234153747559,6.931098957982613,
sdxl-turbo,caucasian male,912,23.671767115592957,6.646442413330078,7.562304334016517,,22.366416454315186,6.822649955749512,7.029592583014164,
sdxl-turbo,caucasian male,914,24.63977038860321,6.958036422729492,7.884389832994202,,23.34713339805603,6.846321105957031,6.617219167004805,
sdxl-turbo,caucasian male,921,25.674515962600708,7.209348678588867,7.794183292018715,,24.13828670978546,6.922677040100098,7.210051207977813,
sdxl-turbo,caucasian male,924,22.36977517604828,5.885541915893555,9.305777457979275,,22.21556156873703,6.657741546630859,7.328564208990429,
sdxl-turbo,caucasian male,930,23.579630255699158,6.269557952880859,9.410490167007083,,22.570885717868805,7.704657554626465,6.914935874985531,
sdxl-turbo,caucasian male,932,26.42768621444702,6.435291767120361,8.0510574169748,,24.847300350666046,7.3026885986328125,7.176509250013623,
sdxl-turbo,caucasian male,935,25.01668930053711,6.153850555419922,8.758755457994994,,21.970021724700928,6.05490779876709,7.042132167000091,
sdxl-turbo,caucasian male,941,23.702892661094666,6.459814071655273,8.155980917013949,,22.846175730228424,7.141101837158203,6.637913041020511,
sdxl-turbo,caucasian male,961,23.58911484479904,6.22688627243042,7.785921457980294,,22.31018841266632,6.760128974914551,7.48506745902705,
sdxl-turbo,caucasian male,985,23.738640546798706,6.155303478240967,7.756695374991978,,23.90875518321991,6.5650177001953125,6.581354082998587,
sdxl-turbo,caucasian male,989,22.456762194633484,6.611688613891602,7.827034415997332,,22.20855951309204,6.50801944732666,6.940469708992168,
sdxl-turbo,city landscape,2,21.334287524223328,6.39396858215332,12.13997499999823,/Users/kevingeng07/Reffusion Project/benchmark/output_two_stage/images/sdxl-turbo/city-landscape/stage1_seed_2.png,23.67233633995056,6.455522537231445,7.0950965830124915,/Users/kevingeng07/Reffusion Project/benchmark/output_two_stage/images/sdxl-turbo/city-landscape/stage2_seed_2.png
sdxl-turbo,city landscape,15,23.812884092330933,6.531722068786621,9.816249708004761,/Users/kevingeng07/Reffusion Project/benchmark/output_two_stage/images/sdxl-turbo/city-landscape/stage1_seed_15.png,22.924494743347168,6.552845478057861,6.7429197920137085,/Users/kevingeng07/Reffusion Project/benchmark/output_two_stage/images/sdxl-turbo/city-landscape/stage2_seed_15.png
sdxl-turbo,city landscape,42,22.500601410865784,7.019392013549805,8.720849041012116,/Users/kevingeng07/Reffusion Project/benchmark/output_two_stage/images/sdxl-turbo/city-landscape/stage1_seed_42.png,22.49743491411209,6.410038948059082,6.864560917019844,/Users/kevingeng07/Reffusion Project/benchmark/output_two_stage/images/sdxl-turbo/city-landscape/stage2_seed_42.png
sdxl-turbo,city landscape,64,21.982447803020477,6.733734130859375,7.810182208020706,/Users/kevingeng07/Reffusion Project/benchmark/output_two_stage/images/sdxl-turbo/city-landscape/stage1_seed_64.png,24.16093945503235,6.614022254943848,7.738730457989732,/Users/kevingeng07/Reffusion Project/benchmark/output_two_stage/images/sdxl-turbo/city-landscape/stage2_seed_64.png
sdxl-turbo,city landscape,65,22.323714196681976,7.0873212814331055,8.725112708983943,/Users/kevingeng07/Reffusion Project/benchmark/output_two_stage/images/sdxl-turbo/city-landscape/stage1_seed_65.png,24.257351458072662,6.541018962860107,7.05020433399477,/Users/kevingeng07/Reffusion Project/benchmark/output_two_stage/images/sdxl-turbo/city-landscape/stage2_seed_65.png
sdxl-turbo,city landscape,76,23.968611657619476,6.874580383300781,8.469178792001912,,23.63421618938446,6.179152488708496,6.711153250013012,
sdxl-turbo,city landscape,83,24.14516806602478,6.616790771484375,7.532707375008613,,24.318556487560272,6.8479084968566895,7.364809249993414,
sdxl-turbo,city landscape,94,21.58367484807968,6.681906700134277,9.181276583985891,,24.20470416545868,6.48529052734375,6.7504706250038,
sdxl-turbo,city landscape,96,23.590071499347687,6.707937717437744,7.5818603330117185,,24.784913659095764,6.331975936889648,8.025341750006191,
sdxl-turbo,city landscape,98,22.04347997903824,6.462904453277588,9.138519667001674,,26.150906085968018,6.280909538269043,6.805583709006896,
sdxl-turbo,city landscape,102,23.611557483673096,7.047484397888184,7.398629458009964,,24.38042461872101,7.147024631500244,6.926780582987703,
sdxl-turbo,city landscape,104,22.181154787540436,6.448907852172852,7.417773666995345,,22.70425260066986,6.638044834136963,6.8770907090220135,
sdxl-turbo,city landscape,143,22.18816578388214,6.668148040771484,9.729844624991529,,23.90032559633255,6.702588081359863,7.04444779100595,
sdxl-turbo,city landscape,144,24.626818299293518,6.750307559967041,8.113804041000549,,23.221111297607422,6.21359920501709,6.8102572500065435,
sdxl-turbo,city landscape,146,23.84052872657776,6.747647285461426,7.503988917014794,,24.259713292121887,6.306822776794434,6.795513249991927,
sdxl-turbo,city landscape,151,22.951140999794006,6.847501754760742,8.093873832985992,,24.351271986961365,6.619232654571533,6.960579582984792,
sdxl-turbo,city landscape,196,23.09858947992325,6.665182113647461,7.786705957987579,,24.168208241462708,6.550551414489746,6.9697467499936465,
sdxl-turbo,city landscape,210,23.61239641904831,6.618801116943359,7.665581457986264,,23.706993460655212,6.473674774169922,7.198539333010558,
sdxl-turbo,city landscape,224,22.551265358924866,6.8975934982299805,7.695929582987446,,24.622313678264618,5.916234016418457,7.807840791996568,
sdxl-turbo,city landscape,228,22.661666572093964,6.766233444213867,9.340403540991247,,23.932498693466187,6.719032287597656,7.562469124997733,
sdxl-turbo,city landscape,245,22.15815782546997,6.689587593078613,9.988147500000196,,24.061499536037445,6.714781284332275,7.065359083993826,
sdxl-turbo,city landscape,250,23.232264816761017,6.547031402587891,10.488547749991994,,24.25369769334793,6.72269344329834,7.3606414170062635,
sdxl-turbo,city landscape,257,23.08211773633957,6.787798881530762,8.616828792000888,,23.49751591682434,6.608623504638672,6.993830708001042,
sdxl-turbo,city landscape,266,22.566404938697815,6.7751874923706055,10.172823500004597,,23.10115545988083,6.397468566894531,7.198840208002366,
sdxl-turbo,city landscape,267,22.211453318595886,6.356822967529297,8.46490670798812,,24.02087301015854,6.957296371459961,6.985288083000341,
sdxl-turbo,city landscape,289,20.84977626800537,7.121325492858887,7.244882500002859,,22.21125066280365,6.638728618621826,6.966156374983257,
sdxl-turbo,city landscape,311,20.432087779045105,6.743804931640625,7.390894374984782,,24.407383799552917,6.500434398651123,7.169629417010583,
sdxl-turbo,city landscape,318,24.090853333473206,6.894309997558594,7.5035219169803895,,23.897337913513184,6.670269966125488,6.736986583011458,
sdxl-turbo,city landscape,324,22.387754917144775,6.565420627593994,8.313165125000523,,24.037164449691772,6.465595722198486,6.587994208995951,
sdxl-turbo,city landscape,328,22.875717282295227,6.811929225921631,7.751114999991842,,23.29404652118683,6.586484909057617,10.871589083020808,
sdxl-turbo,city landscape,334,22.734445333480835,6.579935550689697,9.273182375007309,,23.02679717540741,6.507284641265869,7.6298285410157405,
sdxl-turbo,city landscape,339,22.616925835609436,6.918517112731934,8.859021167008905,,24.538695812225342,6.660882949829102,6.610199791000923,
sdxl-turbo,city landscape,342,23.79668653011322,6.725231170654297,7.413769916020101,,22.970956563949585,6.466765403747559,7.331789832998766,
sdxl-turbo,city landscape,363,22.186194360256195,6.785329341888428,13.693816540995613,,23.82863759994507,6.305707931518555,6.733895417011809,
sdxl-turbo,city landscape,367,22.759906947612762,7.21934700012207,8.71944745798828,,24.247297644615173,7.026040077209473,7.090783583000302,
sdxl-turbo,city landscape,395,22.731557488441467,7.065587043762207,7.830561584007228,,21.68450504541397,6.088348388671875,6.844428750016959,
sdxl-turbo,city landscape,409,22.87384569644928,6.691558837890625,8.671402125008171,,24.072492122650146,6.479560375213623,6.587029334012186,
sdxl-turbo,city landscape,415,22.786930203437805,6.78787088394165,7.514048999990337,,23.600155115127563,6.447190761566162,6.669839125010185,
sdxl-turbo,city landscape,431,22.574898600578308,6.940054893493652,7.171010707999812,,23.83422553539276,6.4515533447265625,7.019071582995821,
sdxl-turbo,city landscape,445,22.040602564811707,6.6365132331848145,8.679070666985353,,22.99535870552063,6.17447566986084,6.696157124999445,
sdxl-turbo,city landscape,454,22.18642234802246,6.907899856567383,7.437482042005286,,23.478813469409943,6.6173810958862305,6.770411875011632,
sdxl-turbo,city landscape,459,22.63280153274536,7.103095054626465,7.401485832990147,,23.430907726287842,6.989279270172119,7.303944583021803,
sdxl-turbo,city landscape,484,22.986863553524017,7.003665447235107,7.484840165998321,,24.54712688922882,6.668379306793213,7.247726292000152,
sdxl-turbo,city landscape,489,22.239312529563904,6.750359535217285,7.670608083019033,,22.84323275089264,6.859798908233643,6.821099541994045,
sdxl-turbo,city landscape,498,23.165078461170197,6.616626739501953,8.010333209007513,,24.43341463804245,6.648899078369141,6.920831708994228,
sdxl-turbo,city landscape,506,23.579183220863342,6.74301815032959,11.332264083990594,,24.11206364631653,6.737220764160156,7.0746920829988085,
sdxl-turbo,city landscape,517,23.59795570373535,6.967105388641357,7.70718929200666,,23.88232797384262,6.461234092712402,7.034582124993904,
sdxl-turbo,city landscape,521,22.18431532382965,6.7985053062438965,7.689934792026179,,25.439733266830444,7.0074052810668945,7.038159542018548,
sdxl-turbo,city landscape,524,22.71038144826889,6.894797325134277,10.008974625001429,,25.011128187179565,6.413668155670166,7.0165482080192305,
sdxl-turbo,city landscape,534,22.736671566963196,7.22330904006958,10.387107083020965,,23.131084442138672,6.731100559234619,6.858444292010972,
sdxl-turbo,city landscape,546,23.136530816555023,6.875816345214844,7.585422125004698,,24.466733634471893,6.605910301208496,7.546017083019251,
sdxl-turbo,city landscape,557,21.961425244808197,6.576001167297363,8.979668457992375,,24.94211494922638,6.480710983276367,7.519055792014115,
sdxl-turbo,city landscape,562,21.286103129386902,6.521782875061035,8.765089000022272,,25.074279308319092,6.573476314544678,6.98875049999333,
sdxl-turbo,city landscape,566,22.814160585403442,6.639732837677002,8.489975917007541,,23.655568063259125,6.539613723754883,7.239143249986228,
sdxl-turbo,city landscape,574,21.860238909721375,6.551185607910156,8.80002420800156,,23.326289653778076,6.151820659637451,7.516881124989595,
sdxl-turbo,city landscape,582,23.254285752773285,6.504651069641113,9.307872333010891,,22.977200150489807,6.3869171142578125,7.140386500017485,
sdxl-turbo,city landscape,598,23.442040383815765,6.9570159912109375,9.391577000002144,,24.84072744846344,6.4888176918029785,7.076198833005037,
sdxl-turbo,city landscape,617,24.036704003810883,7.077098846435547,8.828315207996638,,25.605028867721558,7.022731304168701,7.131396707991371,
sdxl-turbo,city landscape,626,23.185232281684875,6.595064163208008,9.108321041014278,,23.995614051818848,6.517869472503662,7.249201833008556,
sdxl-turbo,city landscape,627,21.166305243968964,6.433227062225342,9.563464749982813,,22.7205827832222,5.9850568771362305,7.525759292009752,
sdxl-turbo,city landscape,634,22.974762320518494,6.329165458679199,9.662691874982556,,23.756465315818787,6.1807098388671875,6.891440750012407,
sdxl-turbo,city landscape,641,23.612678050994873,6.893550872802734,7.8314982499869075,,22.82133847475052,6.388134002685547,7.676787832984701,
sdxl-turbo,city landscape,656,22.775009274482727,6.840411186218262,12.24434345800546,,24.615052342414856,6.696221351623535,7.6868315000028815,
sdxl-turbo,city landscape,685,22.104111313819885,6.95489501953125,13.85875883299741,,23.746590316295624,6.73748254776001,7.468771916988771,
sdxl-turbo,city landscape,701,23.981380462646484,6.403009414672852,10.468810208025388,,23.81119430065155,6.917436599731445,7.508620999986306,
sdxl-turbo,city landscape,721,21.882376074790955,6.653718948364258,9.320224583992967,,24.08193200826645,6.472801208496094,6.734726750000846,
sdxl-turbo,city landscape,723,22.520795464515686,6.5162353515625,9.353438082995126,,23.42136949300766,6.591439723968506,6.7785914999840315,
sdxl-turbo,city landscape,728,22.429580986499786,6.599006175994873,8.987004916998558,,23.885713517665863,6.357742786407471,7.185039459000109,
sdxl-turbo,city landscape,737,23.21489155292511,6.701446533203125,7.601578166009858,,23.417648673057556,6.5198516845703125,7.07545125001343,
sdxl-turbo,city landscape,748,25.27509033679962,7.117216110229492,8.323986417002743,,21.32081687450409,6.622788429260254,7.282940292003332,
sdxl-turbo,city landscape,774,22.987082600593567,6.6015825271606445,8.922168374992907,,24.254602193832397,6.699831008911133,7.499978999985615,
sdxl-turbo,city landscape,777,22.35618084669113,7.346810340881348,9.5301863749919,,23.670388758182526,6.715085506439209,6.861923249991378,
sdxl-turbo,city landscape,803,22.486214339733124,7.088406085968018,8.75265695800772,,23.517221212387085,6.666308403015137,6.964234250015579,
sdxl-turbo,city landscape,804,23.707912862300873,6.732280731201172,7.465523374994518,,25.295567512512207,6.459789752960205,7.116600125009427,
sdxl-turbo,city landscape,819,22.765621542930603,7.288812637329102,7.59097787499195,,24.33311939239502,6.947314262390137,9.18342083299649,
sdxl-turbo,city landscape,823,23.92023056745529,6.575867652893066,14.217044209013693,,23.772384226322174,6.435922622680664,8.147478750004666,
sdxl-turbo,city landscape,825,23.076093196868896,6.614229202270508,11.05814075001399,,22.782820463180542,6.2378082275390625,8.371255875012139,
sdxl-turbo,city landscape,830,22.945457696914673,6.815067768096924,23.671726916974876,,24.702399969100952,6.85920524597168,6.616638082981808,
sdxl-turbo,city landscape,845,23.75526875257492,6.678773880004883,8.476109709008597,,24.738706648349762,6.282723426818848,7.560330874985084,
sdxl-turbo,city landscape,848,21.896064281463623,6.906780242919922,7.577155083999969,,24.045048654079437,6.5155744552612305,6.870035125000868,
sdxl-turbo,city landscape,850,21.574625372886658,6.931188583374023,7.486231083021266,,21.140477061271667,6.008788585662842,7.252266333991429,
sdxl-turbo,city landscape,861,23.29610288143158,6.952630996704102,7.3300141250074375,,25.07290542125702,6.407247066497803,7.342444374982733,
sdxl-turbo,city landscape,865,24.33047741651535,6.771894454956055,8.11409512499813,,24.76751208305359,6.2140607833862305,7.547792208992178,
sdxl-turbo,city landscape,871,21.059000492095947,7.148003578186035,8.235588208015542,,24.68220889568329,6.699331283569336,6.678234666003846,
sdxl-turbo,city landscape,887,22.50595986843109,6.736937522888184,7.912708208023105,,23.37622493505478,6.631809711456299,6.911094792012591,
sdxl-turbo,city landscape,889,21.736107766628265,6.524753570556641,7.855719874991337,,23.420092463493347,6.5518364906311035,7.4877127079817,
sdxl-turbo,city landscape,892,21.379904448986053,6.841785430908203,8.71071587500046,,20.554471015930176,6.368734359741211,7.021569125005044,
sdxl-turbo,city landscape,897,22.767512500286102,6.704859256744385,8.164707749994704,,23.09175580739975,6.517386436462402,7.1248582920234185,
sdxl-turbo,city landscape,910,22.54367470741272,6.719048976898193,10.437362958007725,,23.648783564567566,6.5972676277160645,7.356097415991826,
sdxl-turbo,city landscape,912,22.63195812702179,6.605144500732422,8.690438374993391,,23.924115300178528,6.421336650848389,6.772083040996222,
sdxl-turbo,city landscape,914,23.458769917488098,6.588354110717773,7.641066333017079,,23.394763469696045,5.998744487762451,7.098687166988384,
sdxl-turbo,city landscape,921,21.521982550621033,6.587394714355469,7.587133958993945,,24.532827734947205,6.652041912078857,7.190918291016715,
sdxl-turbo,city landscape,924,22.73433655500412,6.767967224121094,8.290694041992538,,23.851710557937622,6.479954719543457,6.889635708997957,
sdxl-turbo,city landscape,930,24.348099529743195,6.877780914306641,7.595835332991555,,24.062402546405792,6.693700313568115,6.796413792006206,
sdxl-turbo,city landscape,932,21.55478298664093,6.473665714263916,7.174671042012051,,22.63030707836151,6.596753120422363,7.512572999985423,
sdxl-turbo,city landscape,935,23.10272455215454,6.925201416015625,9.950320624979213,,23.587320744991302,6.358625888824463,6.452064167009667,
sdxl-turbo,city landscape,941,23.00957441329956,6.785721302032471,7.779349832999287,,23.291966319084167,6.701136589050293,7.3005035830137786,
sdxl-turbo,city landscape,961,23.717352747917175,6.656154155731201,10.022977582993917,,23.400171101093292,6.694276809692383,6.748682542005554,
sdxl-turbo,city landscape,985,23.5021710395813,6.936363220214844,7.789414458005922,,23.78072738647461,6.523448944091797,6.490804166009184,
sdxl-turbo,city landscape,989,23.528161644935608,7.006311416625977,7.681131833000109,,25.148117542266846,6.816240310668945,6.897894541994901,
sdxl-turbo,northern lights,2,23.08838963508606,5.937859535217285,19.00982983299764,/Users/kevingeng07/Reffusion Project/benchmark/output_two_stage/images/sdxl-turbo/northern-lights/stage1_seed_2.png,23.504960536956787,5.951096534729004,6.853945708018728,/Users/kevingeng07/Reffusion Project/benchmark/output_two_stage/images/sdxl-turbo/northern-lights/stage2_seed_2.png
sdxl-turbo,northern lights,15,24.487420916557312,5.957852363586426,8.444627792021492,/Users/kevingeng07/Reffusion Project/benchmark/output_two_stage/images/sdxl-turbo/northern-lights/stage1_seed_15.png,24.13395494222641,5.779904365539551,6.577634459012188,/Users/kevingeng07/Reffusion Project/benchmark/output_two_stage/images/sdxl-turbo/northern-lights/stage2_seed_15.png
sdxl-turbo,northern lights,42,24.434910714626312,6.166113376617432,8.007989375008037,/Users/kevingeng07/Reffusion Project/benchmark/output_two_stage/images/sdxl-turbo/northern-lights/stage1_seed_42.png,24.37623143196106,6.194856643676758,7.792053624987602,/Users/kevingeng07/Reffusion Project/benchmark/output_two_stage/images/sdxl-turbo/northern-lights/stage2_seed_42.png
sdxl-turbo,northern lights,64,25.03325641155243,6.612238883972168,9.20768500000122,/Users/kevingeng07/Reffusion Project/benchmark/output_two_stage/images/sdxl-turbo/northern-lights/stage1_seed_64.png,24.890023469924927,6.6663031578063965,9.074246791016776,/Users/kevingeng07/Reffusion Project/benchmark/output_two_stage/images/sdxl-turbo/northern-lights/stage2_seed_64.png
sdxl-turbo,northern lights,65,23.83825331926346,6.191688060760498,8.757037792005576,/Users/kevingeng07/Reffusion Project/benchmark/output_two_stage/images/sdxl-turbo/northern-lights/stage1_seed_65.png,23.569872975349426,6.286547660827637,7.432642915984616,/Users/kevingeng07/Reffusion Project/benchmark/output_two_stage/images/sdxl-turbo/northern-lights/stage2_seed_65.png
sdxl-turbo,northern lights,76,23.806026577949524,5.933217525482178,10.92791374999797,,24.584446847438812,5.983841419219971,6.894696458010003,
sdxl-turbo,northern lights,83,23.994821310043335,6.009746074676514,10.329626207996625,,23.72525930404663,6.244532585144043,6.682075958990026,
sdxl-turbo,northern lights,94,23.674680292606354,6.069642543792725,7.388944250007626,,24.437040090560913,6.22042179107666,7.216539917018963,
sdxl-turbo,northern lights,96,24.036991596221924,6.031824111938477,7.908984167006565,,25.525259971618652,6.360339641571045,6.7761330410139635,
sdxl-turbo,northern lights,98,23.355385661125183,5.97451114654541,7.455312791018514,,24.53387677669525,6.148953437805176,6.879499749979004,
sdxl-turbo,northern lights,102,24.81110692024231,6.354518890380859,7.167444416001672,,25.650110840797424,6.461116313934326,5.807634042022983,
sdxl-turbo,northern lights,104,24.249577522277832,6.105032444000244,8.25553654198302,,24.853241443634033,6.104480266571045,6.727493541984586,
sdxl-turbo,northern lights,143,24.160146713256836,6.183115482330322,7.749360458983574,,24.1429403424263,6.210239887237549,6.921621249988675,
sdxl-turbo,northern lights,144,23.593546450138092,6.3592305183410645,7.1968446250248235,,24.338802695274353,6.018378257751465,6.714929000008851,
sdxl-turbo,northern lights,146,23.631437122821808,6.331169128417969,7.084590665996075,,24.9103844165802,6.286249160766602,7.736437374987872,
sdxl-turbo,northern lights,151,22.899384796619415,5.9365973472595215,10.434993458009558,,24.409034848213196,6.079644203186035,6.745219792006537,
sdxl-turbo,northern lights,196,24.721236526966095,6.570879936218262,7.453440707991831,,24.837717413902283,6.425674915313721,6.860532292019343,
sdxl-turbo,northern lights,210,24.26469475030899,6.1421403884887695,7.438728709006682,,24.596914649009705,6.2724761962890625,7.1583316669857595,
sdxl-turbo,northern lights,224,24.67885911464691,6.227183818817139,7.713029583013849,,25.06820559501648,6.327468395233154,7.165139374992577,
sdxl-turbo,northern lights,228,24.68738853931427,6.253905296325684,8.443516333005391,,24.84872043132782,6.380247116088867,6.7619602080085315,
sdxl-turbo,northern lights,245,24.4208961725235,6.175686359405518,7.504882582987193,,24.827268719673157,6.173691749572754,6.962186874996405,
sdxl-turbo,northern lights,250,24.696362018585205,6.252542972564697,7.221093291998841,,24.533337354660034,6.1140666007995605,6.288654665986542,
sdxl-turbo,northern lights,257,24.05732423067093,6.0912322998046875,8.336692334007239,,24.901719391345978,6.07597541809082,6.5636977500107605,
sdxl-turbo,northern lights,266,23.79627823829651,6.204706192016602,7.546924708993174,,25.035235285758972,6.446188926696777,7.833238958002767,
sdxl-turbo,northern lights,267,24.15095865726471,6.167369842529297,10.14291808300186,,24.220874905586243,6.258795738220215,6.907905458996538,
sdxl-turbo,northern lights,289,23.088079690933228,6.094264984130859,7.923728374997154,,23.79785180091858,6.154255390167236,6.838236041017808,
sdxl-turbo,northern lights,311,23.373425006866455,5.904081344604492,7.097121333004907,,23.5906720161438,5.890152931213379,6.994066625018604,
sdxl-turbo,northern lights,318,24.528220295906067,6.156215667724609,11.926129833009327,,24.395856261253357,6.159171104431152,6.585880290978821,
sdxl-turbo,northern lights,324,22.268977761268616,5.830604553222656,8.773985374980839,,23.71727079153061,6.056751251220703,6.566027875000145,
sdxl-turbo,northern lights,328,23.94384741783142,6.240135192871094,7.694069417018909,,23.8082617521286,6.246701717376709,6.847728541994002,
sdxl-turbo,northern lights,334,23.07889312505722,5.953521728515625,8.35591983399354,,24.506625533103943,6.215498924255371,6.839093791990308,
sdxl-turbo,northern lights,339,25.430208444595337,6.477937698364258,8.063733999995748,,25.73714256286621,6.436258792877197,7.287170749972574,
sdxl-turbo,northern lights,342,23.91401380300522,6.090174674987793,8.38929845902021,,23.936210572719574,6.243582725524902,6.693722874973901,
sdxl-turbo,northern lights,363,23.353666067123413,6.068119525909424,8.322748875012621,,24.064378440380096,6.114513874053955,7.00892345799366,
sdxl-turbo,northern lights,367,24.24623966217041,6.296267986297607,7.9567962500150315,,23.899704217910767,6.081621170043945,6.687255792028736,
sdxl-turbo,northern lights,395,23.18311035633087,6.028458595275879,8.220239916990977,,23.445600271224976,5.926509380340576,6.995141916006105,
sdxl-turbo,northern lights,409,24.067053198814392,6.175488471984863,7.674374459020328,,24.59411770105362,6.131612777709961,7.621813415986253,
sdxl-turbo,northern lights,415,23.364761471748352,6.069402694702148,9.343534542014822,,24.564749002456665,6.137145519256592,6.893594042019686,
sdxl-turbo,northern lights,431,24.229609966278076,6.368324279785156,7.9174683750025,,23.86552095413208,6.473817825317383,7.204660957999295,
sdxl-turbo,northern lights,445,25.097519159317017,6.368455410003662,8.55743808299303,,24.561181664466858,6.249101161956787,7.190510125015862,
sdxl-turbo,northern lights,454,23.815332353115082,6.162824630737305,8.990461499983212,,23.72441291809082,6.248253345489502,6.849101875006454,
sdxl-turbo,northern lights,459,24.09978210926056,6.287736892700195,8.79535054200096,,23.202209174633026,6.061145782470703,6.962915292009711,
sdxl-turbo,northern lights,484,23.807232081890106,6.251069068908691,7.756126291002147,,24.18082356452942,6.275104522705078,7.148528624995379,
sdxl-turbo,northern lights,489,23.17596524953842,6.320477485656738,7.756331124983262,,23.65419566631317,6.189779281616211,6.991506499995012,
sdxl-turbo,northern lights,498,23.668193817138672,6.070246696472168,7.897062709002057,,23.975050449371338,6.190024375915527,7.938376500009326,
sdxl-turbo,northern lights,506,23.407912254333496,6.178653717041016,10.94582637498388,,23.629066348075867,6.039689540863037,7.221338834002381,
sdxl-turbo,northern lights,517,24.39722716808319,6.156082630157471,8.575042917014798,,23.855453729629517,6.084166049957275,6.855908041005023,
sdxl-turbo,northern lights,521,24.035924673080444,6.196775913238525,9.21284699998796,,24.088670313358307,6.294772148132324,6.99701766698854,
sdxl-turbo,northern lights,524,24.52220320701599,6.230330467224121,11.082289499987382,,24.234434962272644,6.28009033203125,6.69452808299684,
sdxl-turbo,northern lights,534,23.628780245780945,5.989247798919678,7.277257250010734,,24.224796891212463,6.122066497802734,6.993057875020895,
sdxl-turbo,northern lights,546,22.453033924102783,5.610372066497803,9.570477583009051,,23.228788375854492,5.858213424682617,6.611003875004826,
sdxl-turbo,northern lights,557,24.262693524360657,6.345576286315918,8.472686666995287,,24.96783286333084,6.346965789794922,6.921405375003815,
sdxl-turbo,northern lights,562,24.225345253944397,6.2042646408081055,7.370030750025762,,25.37526786327362,6.407919883728027,7.099450665991753,
sdxl-turbo,northern lights,566,23.57286810874939,6.0745368003845215,8.794958208018215,,24.498161673545837,6.078489303588867,7.314377750008134,
sdxl-turbo,northern lights,574,22.630444169044495,6.018994331359863,8.597861957998248,,23.025071620941162,6.018881797790527,7.033351000020048,
sdxl-turbo,northern lights,582,23.909007012844086,6.255300045013428,8.037545958999544,,24.692726135253906,6.226315021514893,7.093958374985959,
sdxl-turbo,northern lights,598,23.236465454101562,5.899366855621338,8.390098749980098,,23.64744544029236,5.900074005126953,7.232407416013302,
sdxl-turbo,northern lights,617,23.816674947738647,6.162815093994141,8.326831332989968,,24.05950129032135,6.149192810058594,6.277679166989401,
sdxl-turbo,northern lights,626,22.173666954040527,5.950821399688721,7.433209375012666,,22.492551803588867,6.015913486480713,6.8466497079934925,
sdxl-turbo,northern lights,627,23.88041317462921,6.037059307098389,8.452941958996234,,24.91803765296936,6.053154468536377,6.761929959000554,
sdxl-turbo,northern lights,634,23.215922713279724,5.856630325317383,7.926770291989669,,23.211798071861267,5.800569534301758,7.459115583013045,
sdxl-turbo,northern lights,641,24.636170268058777,6.206160068511963,8.537148458010051,,23.53580594062805,6.337312698364258,7.482569917017827,
sdxl-turbo,northern lights,656,23.907266557216644,6.007770538330078,9.468646749999607,,24.920064210891724,6.147922515869141,7.229746625002008,
sdxl-turbo,northern lights,685,23.779496550559998,6.205159664154053,8.462500958994497,,24.780362844467163,6.411818504333496,7.6994882080180105,
sdxl-turbo,northern lights,701,23.662467300891876,5.97818660736084,10.112573416990926,,24.545103311538696,6.081873893737793,7.421816749993013,
sdxl-turbo,northern lights,721,23.97778034210205,6.183087348937988,10.840977916988777,,23.93365204334259,6.157172203063965,7.462563124980079,
sdxl-turbo,northern lights,723,23.137038946151733,6.153510093688965,8.291778165992582,,24.80524033308029,6.351290702819824,7.175382292014547,
sdxl-turbo,northern lights,728,23.314043879508972,5.856904029846191,8.012556625006255,,23.532716929912567,5.8291120529174805,7.3264858330076095,
sdxl-turbo,northern lights,737,23.025187849998474,5.858745574951172,7.753948666999349,,23.149806261062622,6.013331890106201,7.560727417003363,
sdxl-turbo,northern lights,748,24.260523915290833,6.242388725280762,8.06529766699532,,24.33243691921234,6.252119064331055,8.19153387498227,
sdxl-turbo,northern lights,774,24.371221661567688,6.022450923919678,8.313210374995833,,22.078627347946167,5.723301887512207,7.876794334006263,
sdxl-turbo,northern lights,777,23.566429316997528,6.06995964050293,9.810526040993864,,24.08822774887085,6.0442657470703125,7.057894083991414,
sdxl-turbo,northern lights,803,24.020487070083618,5.889579772949219,7.690019041998312,,25.314533710479736,6.260626792907715,7.44855779199861,
sdxl-turbo,northern lights,804,24.193409085273743,6.225625991821289,8.024399708985584,,24.704506993293762,6.590332984924316,7.393184624990681,
sdxl-turbo,northern lights,819,22.808638215065002,5.987490653991699,9.700217875011731,,24.01740998029709,6.207854747772217,7.161591458978364,
sdxl-turbo,northern lights,823,24.10328984260559,6.101985454559326,9.148867500014603,,25.084292888641357,6.27342414855957,7.232234875002177,
sdxl-turbo,northern lights,825,23.020265996456146,6.1363325119018555,8.828320416010683,,23.513270914554596,6.025982856750488,7.274910207983339,
sdxl-turbo,northern lights,830,23.438575863838196,5.8391008377075195,9.885695208009565,,23.033040761947632,5.979013442993164,7.10422574999393,
sdxl-turbo,northern lights,845,23.004621267318726,6.146157741546631,7.7971106660261285,,23.518675565719604,6.197573661804199,7.522772458993131,
sdxl-turbo,northern lights,848,23.173388838768005,6.022821426391602,8.291075374989305,,23.853710293769836,6.018446445465088,7.189941125019686,
sdxl-turbo,northern lights,850,23.369382321834564,6.0369720458984375,8.310706332995323,,24.026520550251007,6.144549369812012,7.227596832992276,
sdxl-turbo,northern lights,861,23.830294609069824,5.985103130340576,9.017556000006152,,24.2490217089653,6.041168212890625,7.150143625010969,
sdxl-turbo,northern lights,865,22.902213037014008,5.913079738616943,11.567946083989227,,24.56115484237671,6.035624027252197,7.017201042006491,
sdxl-turbo,northern lights,871,23.60912412405014,6.006584644317627,8.47474512498593,,24.196961522102356,6.1325812339782715,7.103794416994788,
sdxl-turbo,northern lights,887,23.75810146331787,6.144515514373779,8.293846375017893,,24.095243215560913,6.131397247314453,7.287158332997933,
sdxl-turbo,northern lights,889,22.91676700115204,5.686997413635254,10.147843125014333,,23.55833351612091,5.967432022094727,7.1819418749946635,
sdxl-turbo,northern lights,892,24.78756308555603,6.560031890869141,9.554933834006079,,24.510866403579712,6.3987603187561035,7.489658874983434,
sdxl-turbo,northern lights,897,22.719644010066986,6.026641845703125,12.375713749992428,,23.42236340045929,5.960699081420898,7.124737417005235,
sdxl-turbo,northern lights,910,25.153982639312744,6.167507171630859,12.559977291995892,,24.592311680316925,6.1078972816467285,7.4597790830011945,
sdxl-turbo,northern lights,912,24.32449460029602,6.216154098510742,12.238109582976904,,24.554049968719482,6.0691633224487305,7.390986999991583,
sdxl-turbo,northern lights,914,23.94983172416687,6.022348403930664,10.956293208000716,,25.54514706134796,6.277029991149902,9.43996479199268,
sdxl-turbo,northern lights,921,22.94289767742157,6.107518196105957,14.936603833979461,,23.56494963169098,5.9478607177734375,7.155625292012701,
sdxl-turbo,northern lights,924,24.261221289634705,6.308446407318115,8.849249209015397,,24.836546182632446,6.496442794799805,6.660523041005945,
sdxl-turbo,northern lights,930,23.614501953125,6.037334442138672,7.330909917014651,,24.80761706829071,6.136787414550781,7.926307500019902,
sdxl-turbo,northern lights,932,23.588982224464417,6.12164306640625,9.645112750004046,,23.49747121334076,6.112046718597412,6.911945291998563,
sdxl-turbo,northern lights,935,23.79668354988098,6.046054840087891,7.435813915973995,,23.5527366399765,6.029075622558594,7.100051457993686,
sdxl-turbo,northern lights,941,24.226537346839905,6.042000770568848,8.180401166988304,,23.745006322860718,6.275733470916748,7.065910292003537,
sdxl-turbo,northern lights,961,22.391843795776367,5.839073657989502,9.122045416006586,,22.8860542178154,5.9604926109313965,6.7459829169965815,
sdxl-turbo,northern lights,985,23.85886311531067,6.055140495300293,7.230682041001273,,24.515870213508606,6.147412300109863,7.129167000006419,
sdxl-turbo,northern lights,989,24.124842882156372,6.135568618774414,12.541719041997567,,25.363343954086304,6.399587631225586,6.845500541996444,
sdxl-turbo,television with show playing,2,21.873703598976135,4.988305568695068,11.804906959005166,/Users/kevingeng07/Reffusion Project/benchmark/output_two_stage/images/sdxl-turbo/television-with-show-playing/stage1_seed_2.png,23.25126826763153,5.044000625610352,6.6131497909955215,/Users/kevingeng07/Reffusion Project/benchmark/output_two_stage/images/sdxl-turbo/television-with-show-playing/stage2_seed_2.png
sdxl-turbo,television with show playing,15,23.842641711235046,5.329678535461426,10.7594504589797,/Users/kevingeng07/Reffusion Project/benchmark/output_two_stage/images/sdxl-turbo/television-with-show-playing/stage1_seed_15.png,25.04768669605255,5.299905776977539,7.389244834019337,/Users/kevingeng07/Reffusion Project/benchmark/output_two_stage/images/sdxl-turbo/television-with-show-playing/stage2_seed_15.png
sdxl-turbo,television with show playing,42,22.475752234458923,5.606236934661865,10.399780834006378,/Users/kevingeng07/Reffusion Project/benchmark/output_two_stage/images/sdxl-turbo/television-with-show-playing/stage1_seed_42.png,23.191912472248077,5.6029052734375,7.900667582987808,/Users/kevingeng07/Reffusion Project/benchmark/output_two_stage/images/sdxl-turbo/television-with-show-playing/stage2_seed_42.png
sdxl-turbo,television with show playing,64,23.266392946243286,5.282444953918457,9.121644583996385,/Users/kevingeng07/Reffusion Project/benchmark/output_two_stage/images/sdxl-turbo/television-with-show-playing/stage1_seed_64.png,23.578670620918274,5.1053972244262695,6.80723770899931,/Users/kevingeng07/Reffusion Project/benchmark/output_two_stage/images/sdxl-turbo/television-with-show-playing/stage2_seed_64.png
sdxl-turbo,television with show playing,65,23.533830046653748,5.055310249328613,7.566719624999678,/Users/kevingeng07/Reffusion Project/benchmark/output_two_stage/images/sdxl-turbo/television-with-show-playing/stage1_seed_65.png,23.378534615039825,5.251335144042969,6.825943834002828,/Users/kevingeng07/Reffusion Project/benchmark/output_two_stage/images/sdxl-turbo/television-with-show-playing/stage2_seed_65.png
sdxl-turbo,television with show playing,76,23.618024587631226,5.557460784912109,9.795820375002222,,23.364979028701782,5.670496940612793,7.427162875013892,
sdxl-turbo,television with show playing,83,23.601949214935303,6.249932289123535,9.359253917005844,,22.47033417224884,5.995471477508545,6.562619083997561,
sdxl-turbo,television with show playing,94,23.450584709644318,5.020097732543945,7.836768709006719,,23.69067370891571,5.297284126281738,6.926904082996771,
sdxl-turbo,television with show playing,96,24.26760196685791,5.138681888580322,7.447944665997056,,24.41268563270569,5.1593017578125,8.048979124985635,
sdxl-turbo,television with show playing,98,22.686421871185303,4.960211753845215,10.434083290980197,,23.312067985534668,5.116811752319336,7.160705707996385,
sdxl-turbo,television with show playing,102,24.039876461029053,5.34296989440918,9.095631750009488,,23.78702014684677,5.358855247497559,7.454082375013968,
sdxl-turbo,television with show playing,104,23.227475583553314,5.170151710510254,9.599176874995464,,23.168182373046875,5.188910007476807,7.228273082990199,
sdxl-turbo,television with show playing,143,22.79663234949112,4.9484782218933105,8.985893125005532,,24.194975197315216,5.249294281005859,7.4835122500080615,
sdxl-turbo,television with show playing,144,27.280962467193604,5.215524673461914,10.16538441699231,,26.045119762420654,5.161651134490967,6.880117624998093,
sdxl-turbo,television with show playing,146,23.701733350753784,5.144792079925537,9.387563334021252,,23.42531979084015,4.974045753479004,8.35921550000785,
sdxl-turbo,television with show playing,151,23.723237216472626,5.112255096435547,11.197082291997503,,23.717297613620758,5.2043986320495605,7.471660457988037,
sdxl-turbo,television with show playing,196,24.18043166399002,5.293881416320801,9.616728875000263,,26.273363828659058,5.686943054199219,7.050170792004792,
sdxl-turbo,television with show playing,210,23.34715574979782,5.4859299659729,9.20431662502233,,24.0601047873497,5.22213077545166,7.160024707991397,
sdxl-turbo,television with show playing,224,23.60803931951523,5.003686428070068,9.555205125012435,,24.440498650074005,4.96918249130249,7.305786416982301,
sdxl-turbo,television with show playing,228,23.493647575378418,5.243887424468994,8.816304082982242,,23.682428896427155,5.196971893310547,7.134809874987695,
sdxl-turbo,television with show playing,245,23.574519157409668,5.149374961853027,8.600639416981721,,24.438118934631348,5.5219035148620605,7.547192375001032,
sdxl-turbo,television with show playing,250,24.80177730321884,4.790820598602295,9.254213125008391,,24.397847056388855,4.924302101135254,7.420883624989074,
sdxl-turbo,television with show playing,257,24.212005734443665,5.131460189819336,9.182110416993964,,22.635143995285034,5.087379455566406,6.947848792013247,
sdxl-turbo,television with show playing,266,23.936940729618073,5.185214042663574,8.393254624999827,,23.642435669898987,5.268442630767822,7.374238750024233,
sdxl-turbo,television with show playing,267,23.904800415039062,5.299123764038086,9.404351915989537,,22.63052612543106,5.832548141479492,8.624920250003925,
sdxl-turbo,television with show playing,289,24.090775847434998,5.172476768493652,9.704137749999063,,24.17023330926895,5.179521083831787,7.144730416999664,
sdxl-turbo,television with show playing,311,22.957590222358704,4.925252437591553,11.314571208989946,,24.103190004825592,4.945944309234619,7.244942250021268,
sdxl-turbo,television with show playing,318,23.965127766132355,5.419317722320557,9.821786832995713,,22.746580839157104,5.1521148681640625,7.050236874987604,
sdxl-turbo,television with show playing,324,23.748202621936798,4.915872573852539,9.92626283300342,,24.8975470662117,4.759608268737793,6.76946000001044,
sdxl-turbo,television with show playing,328,23.54690730571747,5.047052383422852,12.357389874989167,,24.321676790714264,5.062718391418457,7.041540707985405,
sdxl-turbo,television with show playing,334,24.023279547691345,5.014493942260742,7.724580042005982,,23.578400909900665,5.107542991638184,7.576706000021659,
sdxl-turbo,television with show playing,339,22.231416404247284,5.185198783874512,8.869889916997636,,24.175167083740234,5.303735733032227,6.84022504198947,
sdxl-turbo,television with show playing,342,23.329176008701324,5.320492744445801,9.248270624986617,,24.80563223361969,5.649789810180664,7.297541917010676,
sdxl-turbo,television with show playing,363,23.734626173973083,4.9341959953308105,8.887893791979877,,23.268121480941772,5.058138370513916,6.9338069160003215,
sdxl-turbo,television with show playing,367,24.10936951637268,5.086930274963379,9.071413791010855,,25.304585695266724,5.076436996459961,6.383600125001976,
sdxl-turbo,television with show playing,395,23.563632369041443,5.103994369506836,8.072622665989911,,23.41136336326599,5.214081287384033,7.585209416982252,
sdxl-turbo,television with show playing,409,24.529266357421875,4.9863691329956055,14.493480375007493,,23.03377091884613,5.519586086273193,15.883749458007514,
sdxl-turbo,television with show playing,415,24.25304800271988,4.690127372741699,9.314556958008325,,25.01005232334137,4.805824279785156,7.226941625005566,
sdxl-turbo,television with show playing,431,23.640502989292145,5.0871381759643555,9.18452195901773,,23.329216241836548,5.221297740936279,7.817712500022026,
sdxl-turbo,television with show playing,445,25.25010108947754,5.324430465698242,9.509234083001502,,25.757956504821777,5.039623260498047,6.868034500017529,
sdxl-turbo,television with show playing,454,24.639981985092163,4.962464809417725,7.440488833992276,,23.18245768547058,5.245465278625488,7.607793041999685,
sdxl-turbo,television with show playing,459,24.359574913978577,4.85073709487915,8.502885666996008,,24.20230060815811,4.911850929260254,7.907406458019977,
sdxl-turbo,television with show playing,484,23.868590593338013,4.924905300140381,8.468759250012226,,23.73064011335373,4.844783782958984,6.665917958016507,
sdxl-turbo,television with show playing,489,23.010946810245514,5.553432941436768,7.395642165996833,,21.820755302906036,5.455350875854492,7.414595041016582,
sdxl-turbo,television with show playing,498,22.625282406806946,4.9164581298828125,8.659778125002049,,21.030013263225555,5.244333744049072,6.421419124992099,
sdxl-turbo,television with show playing,506,24.736779928207397,5.053767681121826,9.578684166976018,,24.110405147075653,5.109981536865234,7.639949500007788,
sdxl-turbo,television with show playing,517,23.9401713013649,5.222051620483398,8.915231708000647,,23.321332037448883,5.40914249420166,7.232408250012668,
sdxl-turbo,television with show playing,521,21.240592002868652,5.526702404022217,8.422083791985642,,23.821182548999786,5.518662452697754,6.755298916017637,
sdxl-turbo,television with show playing,524,23.180747032165527,4.932173252105713,8.203068458009511,,23.421886563301086,5.163608551025391,6.686345458991127,
sdxl-turbo,television with show playing,534,23.59544038772583,5.038271427154541,7.5266775420168415,,23.37714284658432,5.200721740722656,7.239822125004139,
sdxl-turbo,television with show playing,546,23.785829544067383,4.911399841308594,7.991313874983462,,23.956425487995148,5.005917072296143,7.208018874982372,
sdxl-turbo,television with show playing,557,23.156695067882538,5.278430461883545,7.658932333986741,,22.092942893505096,5.531332969665527,7.74114916700637,
sdxl-turbo,television with show playing,562,25.219815969467163,5.100980758666992,9.315127000008943,,24.42306876182556,4.946092128753662,6.6446023330208845,
sdxl-turbo,television with show playing,566,25.167053937911987,5.968968391418457,7.680682625010377,,21.522149443626404,5.736416816711426,7.273788374994183,
sdxl-turbo,television with show playing,574,25.223255157470703,4.881894111633301,8.21577204199275,,25.043368339538574,4.91170072555542,6.21808766599861,
sdxl-turbo,television with show playing,582,23.67333471775055,4.796538352966309,7.246815833001165,,23.353755474090576,5.193938255310059,7.556070082995575,
sdxl-turbo,television with show playing,598,23.805946111679077,5.115602493286133,7.150244791992009,,24.021250009536743,5.26857852935791,6.141582542011747,
sdxl-turbo,television with show playing,617,22.945329546928406,5.105098724365234,7.650738333002664,,23.170891404151917,5.060758590698242,6.757704874995397,
sdxl-turbo,television with show playing,626,22.284209728240967,5.484956741333008,7.265631874994142,,22.954168915748596,5.394861698150635,7.7610135409922805,
sdxl-turbo,television with show playing,627,22.93437570333481,5.03666877746582,9.607376165979076,,23.330599069595337,5.050718307495117,6.69501595798647,
sdxl-turbo,television with show playing,634,22.985272109508514,5.516101360321045,7.820003125001676,,21.91726714372635,6.210399627685547,7.132244667009218,
sdxl-turbo,television with show playing,641,21.909500658512115,5.259146690368652,7.235727541992674,,24.390636384487152,5.086452484130859,6.394292459008284,
sdxl-turbo,television with show playing,656,25.183027982711792,4.986976623535156,11.220588833006332,,25.175124406814575,5.013943672180176,6.732831500004977,
sdxl-turbo,television with show playing,685,24.02293086051941,5.012475490570068,7.556596958020236,,23.870767652988434,5.099905014038086,6.882375916989986,
sdxl-turbo,television with show playing,701,23.29842746257782,5.011605262756348,7.291138792003039,,23.417560756206512,5.075207710266113,7.547133624990238,
sdxl-turbo,television with show playing,721,22.940006852149963,4.999958038330078,9.595654500008095,,23.014287650585175,5.004382133483887,6.6631782920158,
sdxl-turbo,television with show playing,723,23.610541224479675,5.016190052032471,7.850452166021569,,23.440295457839966,5.128600120544434,6.95113637499162,
sdxl-turbo,television with show playing,728,23.297181725502014,5.245450973510742,8.687622333003674,,23.674800992012024,5.233263969421387,7.2583350829954725,
sdxl-turbo,television with show playing,737,23.520731925964355,4.918371677398682,8.60698675000458,,23.80484938621521,4.985220432281494,7.984347000019625,
sdxl-turbo,television with show playing,748,23.059560358524323,5.013325214385986,9.111441250017378,,23.43241423368454,5.4217209815979,6.85396049998235,
sdxl-turbo,television with show playing,774,23.923927545547485,5.256231307983398,7.2984078750014305,,25.0637948513031,5.3553948402404785,7.580578084016452,
sdxl-turbo,television with show playing,777,23.146602511405945,5.207866668701172,8.766826000006404,,23.155565559864044,5.292647838592529,7.005135415995028,
sdxl-turbo,television with show playing,803,23.64513874053955,5.42254638671875,12.327139542001532,,22.517523169517517,5.523151397705078,6.793913415982388,
sdxl-turbo,television with show playing,804,24.42171424627304,5.113124847412109,7.684817166009452,,23.697394132614136,5.364498138427734,7.2803428749903105,
sdxl-turbo,television with show playing,819,23.950256407260895,5.277042865753174,7.223657583002932,,24.308432638645172,5.315119743347168,6.94310524998582,
sdxl-turbo,television with show playing,823,23.471656441688538,5.133083820343018,7.64890000000014,,24.88745152950287,4.82729434967041,7.167571917001624,
sdxl-turbo,television with show playing,825,24.424731731414795,5.262920379638672,7.077448374999221,,24.448567628860474,5.0651140213012695,7.349985958018806,
sdxl-turbo,television with show playing,830,22.710716724395752,5.260566711425781,7.606840624997858,,23.820413649082184,5.567853927612305,6.657708709011786,
sdxl-turbo,television with show playing,845,24.09919798374176,5.393365859985352,7.098851709015435,,22.917725145816803,5.494000434875488,6.276664332981454,
sdxl-turbo,television with show playing,848,23.435452580451965,5.086515426635742,7.36776004100102,,23.216815292835236,5.213207244873047,7.494004792009946,
sdxl-turbo,television with show playing,850,23.778383433818817,5.127368450164795,11.58078687498346,,23.292219638824463,5.176491737365723,7.610950125003001,
sdxl-turbo,television with show playing,861,24.40185844898224,5.188350200653076,12.00649945801706,,24.763330817222595,5.370584964752197,6.506557666987646,
sdxl-turbo,television with show playing,865,23.654091358184814,5.125550746917725,9.468445000005886,,23.692387342453003,5.016735076904297,6.584201249992475,
sdxl-turbo,television with show playing,871,24.31643307209015,5.221793174743652,7.834779708995484,,23.51342737674713,5.48569393157959,7.336209583998425,
sdxl-turbo,television with show playing,887,23.661315441131592,5.3131489753723145,9.162962625006912,,25.043100118637085,5.2027740478515625,7.007344624988036,
sdxl-turbo,television with show playing,889,23.44401925802231,5.092212200164795,7.8030400419957004,,23.0528324842453,5.413959980010986,6.797746791009558,
sdxl-turbo,television with show playing,892,23.82323443889618,5.25184440612793,7.264447041001404,,24.08357858657837,5.4257731437683105,7.217007750004996,
sdxl-turbo,television with show playing,897,24.188649654388428,5.077371597290039,9.427124375011772,,24.200212955474854,5.115420341491699,6.936842124996474,
sdxl-turbo,television with show playing,910,23.194026947021484,5.264522552490234,7.931761208019452,,23.574107885360718,5.308712959289551,7.176070999994408,
sdxl-turbo,television with show playing,912,24.78775382041931,5.19983434677124,9.000369166984456,,24.143481254577637,5.457469940185547,6.608091582980705,
sdxl-turbo,television with show playing,914,20.755697786808014,5.485842227935791,8.54766570799984,,23.40312749147415,5.794318199157715,7.288998833013466,
sdxl-turbo,television with show playing,921,22.784236073493958,5.095756530761719,8.692592709005112,,22.538621723651886,5.20198392868042,6.902433292008936,
sdxl-turbo,television with show playing,924,23.995453119277954,5.5123209953308105,7.798884457995882,,23.61789047718048,5.684842109680176,7.195385458006058,
sdxl-turbo,television with show playing,930,23.177726566791534,5.396245002746582,9.4518611250096,,22.66627848148346,5.60205078125,6.762225916987518,
sdxl-turbo,television with show playing,932,23.122921586036682,5.139008522033691,8.687774416001048,,22.96430468559265,5.30094051361084,7.149805749999359,
sdxl-turbo,television with show playing,935,22.488053143024445,5.4378581047058105,7.7791198329941835,,21.391907334327698,5.8004045486450195,7.134747417003382,
sdxl-turbo,television with show playing,941,23.094715178012848,5.183443546295166,8.417623832996469,,23.42577576637268,5.244586944580078,6.958454500010703,
sdxl-turbo,television with show playing,961,23.82294535636902,5.202970027923584,9.41338062498835,,25.095009803771973,5.474879741668701,7.025634125020588,
sdxl-turbo,television with show playing,985,21.783192455768585,5.8625640869140625,8.824777417001314,,22.80399203300476,6.019981861114502,6.779589750018204,
sdxl-turbo,television with show playing,989,24.60133135318756,5.158044338226318,8.267103332997067,,23.331239819526672,5.479372978210449,7.168905958998948,
dreamshaper-lcm,car,2,18.25297474861145,4.772729396820068,22.623059707984794,/Users/kevingeng07/Reffusion Project/benchmark/output_two_stage/images/dreamshaper-lcm/car/stage1_seed_2.png,19.216415286064148,5.587288856506348,23.05872758300393,/Users/kevingeng07/Reffusion Project/benchmark/output_two_stage/images/dreamshaper-lcm/car/stage2_seed_2.png
dreamshaper-lcm,car,15,22.083918750286102,5.3855485916137695,21.736698292021174,/Users/kevingeng07/Reffusion Project/benchmark/output_two_stage/images/dreamshaper-lcm/car/stage1_seed_15.png,20.8314448595047,5.144134521484375,22.563579165987903,/Users/kevingeng07/Reffusion Project/benchmark/output_two_stage/images/dreamshaper-lcm/car/stage2_seed_15.png
dreamshaper-lcm,car,42,21.81074470281601,5.184140205383301,22.14667316598934,/Users/kevingeng07/Reffusion Project/benchmark/output_two_stage/images/dreamshaper-lcm/car/stage1_seed_42.png,18.610748648643494,5.133739471435547,25.784345000021858,/Users/kevingeng07/Reffusion Project/benchmark/output_two_stage/images/dreamshaper-lcm/car/stage2_seed_42.png
dreamshaper-lcm,car,64,20.877227187156677,4.925369739532471,24.042392416013172,/Users/kevingeng07/Reffusion Project/benchmark/output_two_stage/images/dreamshaper-lcm/car/stage1_seed_64.png,18.99256408214569,5.695457458496094,26.22784991702065,/Users/kevingeng07/Reffusion Project/benchmark/output_two_stage/images/dreamshaper-lcm/car/stage2_seed_64.png
dreamshaper-lcm,car,65,21.279115974903107,5.516176223754883,21.740914499998325,/Users/kevingeng07/Reffusion Project/benchmark/output_two_stage/images/dreamshaper-lcm/car/stage1_seed_65.png,18.05891990661621,5.5565104484558105,23.286226541997166,/Users/kevingeng07/Reffusion Project/benchmark/output_two_stage/images/dreamshaper-lcm/car/stage2_seed_65.png
dreamshaper-lcm,car,76,22.95982539653778,5.941549301147461,21.458506542025134,,19.066940248012543,5.5104827880859375,23.826219209004194,
dreamshaper-lcm,car,83,23.340897262096405,5.246890068054199,21.738541207974777,,20.220516622066498,4.630266189575195,24.179595249996055,
dreamshaper-lcm,car,94,21.259185671806335,5.144847393035889,22.62108433400863,,19.178317487239838,5.509138584136963,24.44089262498892,
dreamshaper-lcm,car,96,19.79706883430481,5.128203392028809,24.258817082998576,,20.559222996234894,5.324164390563965,23.612818208988756,
dreamshaper-lcm,car,98,22.3785400390625,5.526446342468262,21.478746542008594,,19.04624104499817,5.880700588226318,24.496807917021215,
dreamshaper-lcm,car,102,21.62799835205078,5.194751739501953,23.678141291020438,,18.321026861667633,4.9280853271484375,23.55334933300037,
dreamshaper-lcm,car,104,21.74791395664215,5.047552108764648,22.10142012499273,,20.16821801662445,4.614521503448486,23.070458541013068,
dreamshaper-lcm,car,143,21.463948488235474,5.161787986755371,21.585449250007514,,18.808867037296295,5.556464195251465,23.050675915990723,
dreamshaper-lcm,car,144,21.765968203544617,4.621506690979004,21.358617917023366,,20.65044641494751,4.497732162475586,23.125621333980234,
dreamshaper-lcm,car,146,20.63765525817871,4.708677291870117,22.423025084019173,,19.148503243923187,5.012659072875977,22.700046499987366,
dreamshaper-lcm,car,151,19.334980845451355,4.5834197998046875,22.1198515840224,,16.924309730529785,5.105142593383789,23.276898624986643,
dreamshaper-lcm,car,196,21.443261206150055,5.444038391113281,22.04389120801352,,18.416699767112732,5.37496280670166,22.93167550000362,
dreamshaper-lcm,car,210,18.971918523311615,4.862905979156494,25.871085334016243,,20.60631811618805,5.448538780212402,27.220351083000423,
dreamshaper-lcm,car,224,21.611449122428894,5.4271392822265625,21.930285583017394,,19.90707516670227,5.464197635650635,24.037036875000922,
dreamshaper-lcm,car,228,22.42744117975235,5.171557903289795,22.01173891700455,,19.06524747610092,5.172911643981934,23.21470408400637,
dreamshaper-lcm,car,245,24.2704376578331,5.785152912139893,24.020531665999442,,20.18025666475296,5.541034698486328,23.462747458019294,
dreamshaper-lcm,car,250,22.206410765647888,5.659474849700928,22.080998833000194,,19.838090240955353,5.456021785736084,23.012049625016516,
dreamshaper-lcm,car,257,21.64328396320343,4.3621063232421875,25.577499875013018,,19.260680675506592,5.318391799926758,27.640416791982716,
dreamshaper-lcm,car,266,21.65618985891342,5.762299537658691,23.894992582994746,,18.68903338909149,5.311601638793945,22.959295040986035,
dreamshaper-lcm,car,267,22.072550654411316,5.219654083251953,22.271486499987077,,20.919224619865417,5.224836349487305,22.710041167010786,
dreamshaper-lcm,car,289,21.028849482536316,4.661555290222168,22.263568541005952,,20.25776356458664,5.439822673797607,25.748183791001793,
dreamshaper-lcm,car,311,19.88072395324707,4.655851364135742,32.5118783749931,,20.21007090806961,5.146815299987793,32.96997241600184,
dreamshaper-lcm,car,318,21.317581832408905,5.236537456512451,23.961061000009067,,21.048802137374878,5.2894511222839355,23.809889249998378,
dreamshaper-lcm,car,324,21.06199860572815,5.533437728881836,25.034158416005084,,18.032903969287872,5.595853328704834,23.88382379198447,
dreamshaper-lcm,car,328,22.77923822402954,4.615695953369141,23.46184612502111,,21.70572578907013,5.4821553230285645,24.97586266702274,
dreamshaper-lcm,car,334,22.539500892162323,5.549380302429199,23.388554417004343,,21.467792987823486,5.463478088378906,24.091947042004904,
dreamshaper-lcm,car,339,19.660866260528564,4.903702735900879,21.957086290989537,,18.466410040855408,5.242806911468506,23.46896816699882,
dreamshaper-lcm,car,342,19.88551914691925,5.089163303375244,21.958262708008988,,21.595799922943115,5.494843482971191,22.799285249988316,
dreamshaper-lcm,car,363,21.204355359077454,5.076305389404297,22.76063166599488,,18.20761263370514,5.32466983795166,22.808317874994827,
dreamshaper-lcm,car,367,19.975653290748596,4.548437595367432,22.680701832985505,,20.919443666934967,5.045611381530762,23.633817416994134,
dreamshaper-lcm,car,395,22.97183871269226,5.436801910400391,22.751826124993386,,18.220555782318115,5.022393703460693,24.25733904200024,
dreamshaper-lcm,car,409,21.73994481563568,5.24247407913208,23.41085645800922,,22.337402403354645,4.857296466827393,24.358736541995313,
dreamshaper-lcm,car,415,22.602495551109314,5.208890914916992,26.08361108301324,,20.791098475456238,5.106060028076172,26.01459787497879,
dreamshaper-lcm,car,431,23.187489807605743,5.608968257904053,26.724078750004992,,17.91287213563919,5.0856781005859375,26.677730124996742,
dreamshaper-lcm,car,445,24.320513010025024,5.797741413116455,21.415211000014096,,20.38349211215973,5.493274688720703,23.639932207996026,
dreamshaper-lcm,car,454,22.39067852497101,6.243927955627441,24.69813162498758,,19.854818284511566,5.587441444396973,26.77238995800144,
dreamshaper-lcm,car,459,18.415281176567078,4.988448143005371,22.99463379199733,,16.653534770011902,4.718143939971924,23.669985000015004,
dreamshaper-lcm,car,484,22.02519327402115,4.88309383392334,24.711477542005014,,20.623163878917694,5.139453887939453,23.53402016600012,
dreamshaper-lcm,car,489,22.75894433259964,5.552095413208008,23.55419745799736,,21.891668438911438,5.751164436340332,24.51282987499144,
dreamshaper-lcm,car,498,23.659057915210724,5.439475059509277,21.552603499992983,,21.67733609676361,5.134819984436035,25.089509415993234,
dreamshaper-lcm,car,506,21.92271053791046,4.989830017089844,23.876390125020407,,21.54652029275894,5.244983673095703,26.62332983300439,
dreamshaper-lcm,car,517,22.614407539367676,5.426120758056641,22.682709207991138,,21.30979299545288,5.037808418273926,23.395547083986457,
dreamshaper-lcm,car,521,21.56674563884735,5.265661239624023,21.24189354100963,,19.066500663757324,5.598330497741699,22.738498209015233,
dreamshaper-lcm,car,524,19.732360541820526,5.65626335144043,24.2440980419924,,20.298558473587036,5.622467994689941,24.270132082980126,
dreamshaper-lcm,car,534,19.35618966817856,5.127215385437012,22.2076078329992,,17.356453835964203,5.574544906616211,23.93396195798414,
dreamshaper-lcm,car,546,21.361522376537323,4.653323173522949,21.593160249991342,,18.2528555393219,5.233001708984375,24.883427249995293,
dreamshaper-lcm,car,557,22.155769169330597,5.335631370544434,21.131600416003494,,18.72193217277527,5.091853141784668,24.405788000003668,
dreamshaper-lcm,car,562,22.314803302288055,5.155450344085693,24.795828791015083,,21.060973405838013,5.719146251678467,25.54652062500827,
dreamshaper-lcm,car,566,20.349599421024323,5.3233160972595215,23.178817874984816,,19.167158007621765,5.257087230682373,24.827261583006475,
dreamshaper-lcm,car,574,22.286362946033478,4.907675743103027,20.96648262499366,,19.442036747932434,4.884317874908447,24.51399287499953,
dreamshaper-lcm,car,582,21.308061480522156,5.2366108894348145,22.271123749989783,,21.451987326145172,5.197237014770508,23.058090125006856,
dreamshaper-lcm,car,598,20.965512096881866,5.202095985412598,22.70452537498204,,17.41819679737091,5.159884452819824,23.419420750025893,
dreamshaper-lcm,car,617,19.638292491436005,4.788660526275635,22.412855959002627,,19.197897613048553,5.034047603607178,22.610568500007503,
dreamshaper-lcm,car,626,23.1637179851532,4.793166160583496,20.76588933300809,,19.10688877105713,4.84019660949707,23.231498333014315,
dreamshaper-lcm,car,627,22.284722328186035,5.673176288604736,22.144302375003463,,17.399942874908447,4.918276786804199,23.444297499983804,
dreamshaper-lcm,car,634,20.451855659484863,5.728122711181641,22.189173708000453,,18.418142199516296,5.687441825866699,23.460468291013967,
dreamshaper-lcm,car,641,23.164737224578857,4.872278690338135,23.655277666985057,,20.060676336288452,5.33742094039917,23.346713082981296,
dreamshaper-lcm,car,656,20.135203003883362,5.556546211242676,22.37475812502089,,16.832198202610016,5.379721641540527,23.22714770800667,
dreamshaper-lcm,car,685,22.517849504947662,4.961332321166992,24.451475499983644,,17.966367304325104,4.993502616882324,23.547307624976384,
dreamshaper-lcm,car,701,19.848714768886566,4.700202941894531,23.559294375008903,,20.140555500984192,5.271092414855957,23.120353541977238,
dreamshaper-lcm,car,721,23.689933121204376,4.424444675445557,22.508101792016532,,21.31875604391098,5.122900009155273,23.807698959019035,
dreamshaper-lcm,car,723,21.523503959178925,5.766177177429199,22.328122417005943,,15.898634493350983,5.256655693054199,23.7751458339917,
dreamshaper-lcm,car,728,19.7912335395813,5.645713806152344,25.307545000017853,,18.396736681461334,5.601601600646973,23.621008000016445,
dreamshaper-lcm,car,737,20.732462406158447,5.098043441772461,21.820491457998287,,21.90912514925003,5.415488243103027,23.35893912499887,
dreamshaper-lcm,car,748,21.249988675117493,5.060758590698242,21.375220084009925,,18.78560185432434,4.80490779876709,22.881249792000744,
dreamshaper-lcm,car,774,21.781077980995178,5.022637844085693,20.917344332992798,,20.363622903823853,5.02263069152832,23.74375920800958,
dreamshaper-lcm,car,777,21.653205156326294,4.78330135345459,21.880470042000525,,18.734771013259888,5.278786659240723,22.692402832995867,
dreamshaper-lcm,car,803,20.54031789302826,5.305877685546875,21.601999083010014,,21.390065550804138,5.486312389373779,22.612103708001086,
dreamshaper-lcm,car,804,23.66015911102295,5.439911842346191,22.418321416014805,,25.086888670921326,4.730320453643799,24.62771800000337,
dreamshaper-lcm,car,819,18.300122022628784,4.9450297355651855,21.641992541000945,,17.17749983072281,5.039707660675049,24.628352125000674,
dreamshaper-lcm,car,823,22.134602069854736,5.125250816345215,22.663371208007447,,17.77431070804596,5.407814979553223,25.431016541988356,
dreamshaper-lcm,car,825,23.05997610092163,5.60125732421875,22.91260945799877,,17.498601973056793,5.549995422363281,24.64816312500625,
dreamshaper-lcm,car,830,20.03941833972931,4.353471755981445,22.990178875013953,,20.331792533397675,5.099449157714844,23.77379262499744,
dreamshaper-lcm,car,845,21.449682116508484,4.963710308074951,24.008606457995484,,18.208687007427216,5.446166515350342,22.864268583012745,
dreamshaper-lcm,car,848,21.98069393634796,5.342190265655518,22.593458833987825,,20.43246328830719,5.198050498962402,24.084177665994503,
dreamshaper-lcm,car,850,21.48837447166443,4.838375568389893,22.063725625019288,,19.533339142799377,5.263426780700684,22.699369042005856,
dreamshaper-lcm,car,861,21.734759211540222,5.5043745040893555,21.718475667003077,,21.624363958835602,4.995301246643066,25.886377374990843,
dreamshaper-lcm,car,865,21.7793807387352,5.428483486175537,24.72492529201554,,20.71649730205536,5.519962310791016,25.7598048329819,
dreamshaper-lcm,car,871,20.880258083343506,4.899007320404053,21.58010641700821,,19.260773062705994,4.951172828674316,25.427150833013002,
dreamshaper-lcm,car,887,19.115103781223297,5.012660980224609,22.253732790995855,,17.988136410713196,5.249423027038574,24.82787958299741,
dreamshaper-lcm,car,889,21.12978994846344,5.204627990722656,21.450737334002042,,20.458030700683594,5.1683783531188965,23.07474320800975,
dreamshaper-lcm,car,892,21.513880789279938,4.592201232910156,21.63228141600848,,20.84156423807144,5.053836822509766,23.066947167011676,
dreamshaper-lcm,car,897,22.08154797554016,4.975861072540283,22.112757125025382,,20.89470773935318,4.9684929847717285,25.92418954099412,
dreamshaper-lcm,car,910,20.55492252111435,5.3124494552612305,29.15623345799395,,18.697313964366913,5.423437595367432,27.895999999978812,
dreamshaper-lcm,car,912,23.609261214733124,4.981789588928223,21.629502333002165,,19.435793161392212,5.643557548522949,23.89516816602554,
dreamshaper-lcm,car,914,21.579784154891968,5.027095794677734,21.423040333000245,,19.669371843338013,4.9312896728515625,24.948286625003675,
dreamshaper-lcm,car,921,21.741603314876556,4.726691246032715,22.07718612498138,,20.70934921503067,4.852158546447754,24.038524958014023,
dreamshaper-lcm,car,924,20.932936668395996,5.650611877441406,21.058119291003095,,17.884083092212677,5.451612949371338,23.613651374995243,
dreamshaper-lcm,car,930,17.59043186903,5.028246879577637,22.286993624991737,,19.276484847068787,5.199488639831543,24.074799499998335,
dreamshaper-lcm,car,932,23.164087533950806,5.395946025848389,23.309013291000156,,19.076302647590637,5.410937309265137,25.04191283401451,
dreamshaper-lcm,car,935,22.443899512290955,5.474193096160889,22.62407891600742,,21.312056481838226,5.315673828125,24.177695374994073,
dreamshaper-lcm,car,941,21.16541415452957,4.843075275421143,22.508973457996035,,19.919849932193756,5.258223056793213,23.059603500005323,
dreamshaper-lcm,car,961,20.70939838886261,5.636684417724609,20.9872582500102,,19.425596296787262,5.591675281524658,22.394411124987528,
dreamshaper-lcm,car,985,20.97463458776474,5.748552322387695,21.664474666991737,,19.755597412586212,5.418231010437012,23.60913758300012,
dreamshaper-lcm,car,989,21.743373572826385,5.657052993774414,21.27685454202583,,17.631077766418457,4.986797332763672,24.753259332996095,
dreamshaper-lcm,caucasian male,2,24.300146102905273,7.054601669311523,26.665148791013053,/Users/kevingeng07/Reffusion Project/benchmark/output_two_stage/images/dreamshaper-lcm/caucasian-male/stage1_seed_2.png,23.328328132629395,7.18865966796875,26.10577770799864,/Users/kevingeng07/Reffusion Project/benchmark/output_two_stage/images/dreamshaper-lcm/caucasian-male/stage2_seed_2.png
dreamshaper-lcm,caucasian male,15,25.408992171287537,7.176626682281494,23.431147958006477,/Users/kevingeng07/Reffusion Project/benchmark/output_two_stage/images/dreamshaper-lcm/caucasian-male/stage1_seed_15.png,25.70541203022003,6.7105817794799805,22.882087917008903,/Users/kevingeng07/Reffusion Project/benchmark/output_two_stage/images/dreamshaper-lcm/caucasian-male/stage2_seed_15.png
dreamshaper-lcm,caucasian male,42,25.612926483154297,7.422303676605225,21.637534084002255,/Users/kevingeng07/Reffusion Project/benchmark/output_two_stage/images/dreamshaper-lcm/caucasian-male/stage1_seed_42.png,25.698453187942505,6.763484001159668,22.580791834014235,/Users/kevingeng07/Reffusion Project/benchmark/output_two_stage/images/dreamshaper-lcm/caucasian-male/stage2_seed_42.png
dreamshaper-lcm,caucasian male,64,23.0078786611557,7.126837730407715,24.2412257080141,/Users/kevingeng07/Reffusion Project/benchmark/output_two_stage/images/dreamshaper-lcm/caucasian-male/stage1_seed_64.png,22.93478697538376,6.6770477294921875,24.28739987500012,/Users/kevingeng07/Reffusion Project/benchmark/output_two_stage/images/dreamshaper-lcm/caucasian-male/stage2_seed_64.png
dreamshaper-lcm,caucasian male,65,24.301421642303467,7.369814872741699,23.389832417014986,/Users/kevingeng07/Reffusion Project/benchmark/output_two_stage/images/dreamshaper-lcm/caucasian-male/stage1_seed_65.png,24.567881226539612,6.619970321655273,24.326532874983968,/Users/kevingeng07/Reffusion Project/benchmark/output_two_stage/images/dreamshaper-lcm/caucasian-male/stage2_seed_65.png
dreamshaper-lcm,caucasian male,76,24.130356311798096,6.987581253051758,22.137962707987754,,22.9670450091362,7.081460952758789,22.598162917012814,
dreamshaper-lcm,caucasian male,83,25.791513919830322,6.871962547302246,22.297846959001618,,25.175440311431885,6.596554756164551,24.26333429099759,
dreamshaper-lcm,caucasian male,94,24.261076748371124,7.191972732543945,22.095158999989508,,26.7772376537323,6.433200836181641,26.915243291994557,
dreamshaper-lcm,caucasian male,96,25.086259841918945,7.02262020111084,25.906308707984863,,25.331521034240723,6.73159646987915,26.988861499994528,
dreamshaper-lcm,caucasian male,98,25.128087401390076,7.257349967956543,21.719091082981322,,24.924907088279724,6.711212158203125,23.499210625013802,
dreamshaper-lcm,caucasian male,102,25.738492608070374,7.003564834594727,21.915375083015533,,24.82820451259613,5.9725518226623535,22.92048812500434,
dreamshaper-lcm,caucasian male,104,23.883122205734253,6.874157905578613,21.99637129099574,,24.59978759288788,6.413233757019043,23.41026583398343,
dreamshaper-lcm,caucasian male,143,24.431975185871124,7.503114223480225,21.19135058298707,,24.59251880645752,7.273104667663574,22.308830208989093,
dreamshaper-lcm,caucasian male,144,23.84377419948578,7.224011421203613,20.572526250005467,,24.470515549182892,6.983855247497559,22.322413083020365,
dreamshaper-lcm,caucasian male,146,24.05245304107666,7.072772979736328,21.6403655000031,,23.236675560474396,6.899065017700195,24.09828249999555,
dreamshaper-lcm,caucasian male,151,25.361141562461853,6.758422374725342,21.93358954199357,,25.329139828681946,6.65367317199707,23.014918708009645,
dreamshaper-lcm,caucasian male,196,23.57131540775299,6.966024875640869,21.00975870800903,,23.266077041625977,6.784102439880371,23.01443208398996,
dreamshaper-lcm,caucasian male,210,26.08257830142975,7.017988204956055,20.964191792008933,,25.637996196746826,6.766690254211426,22.444312791980337,
dreamshaper-lcm,caucasian male,224,25.971466302871704,7.039211273193359,21.781188916007522,,24.95787888765335,6.8468451499938965,23.67699129198445,
dreamshaper-lcm,caucasian male,228,23.986078798770905,6.9212646484375,22.520109625009354,,24.5748832821846,6.942558288574219,25.04122750001261,
dreamshaper-lcm,caucasian male,245,22.749629616737366,7.906822204589844,21.75552862501354,,23.394381999969482,7.688689708709717,26.12150116698467,
dreamshaper-lcm,caucasian male,250,23.44033122062683,7.570634841918945,22.064914665999822,,22.739902138710022,7.049258232116699,23.39078420799342,
dreamshaper-lcm,caucasian male,257,22.58339822292328,7.660833358764648,23.352347458014265,,23.65075647830963,7.3925018310546875,22.892471625003964,
dreamshaper-lcm,caucasian male,266,24.20589178800583,6.842069625854492,23.4857462499931,,25.436392426490784,6.782455921173096,23.937546041997848,
dreamshaper-lcm,caucasian male,267,24.649059772491455,7.345736026763916,21.220851791993482,,24.298839271068573,6.638156890869141,23.751792832976207,
dreamshaper-lcm,caucasian male,289,25.342917442321777,7.316206455230713,21.349130665999837,,24.919825792312622,7.013604164123535,22.850409915990895,
dreamshaper-lcm,caucasian male,311,22.61129319667816,7.210904121398926,21.18692937499145,,23.179222643375397,7.687337875366211,23.655872959003318,
dreamshaper-lcm,caucasian male,318,23.30300807952881,7.376521110534668,23.323673457984114,,21.54989242553711,7.339517116546631,25.65507679100847,
dreamshaper-lcm,caucasian male,324,24.48996603488922,7.568655490875244,22.34648408301291,,22.72709012031555,7.139225959777832,24.41098370801774,
dreamshaper-lcm,caucasian male,328,25.817114114761353,7.441956520080566,20.990702500013867,,24.721837043762207,6.98862361907959,24.00975704198936,
dreamshaper-lcm,caucasian male,334,23.206868767738342,7.27241849899292,23.75352762499824,,23.429012298583984,6.96567440032959,22.408223624981474,
dreamshaper-lcm,caucasian male,339,24.73945915699005,6.592986583709717,22.139740665996214,,25.23350417613983,6.5308518409729,27.53969479200896,
dreamshaper-lcm,caucasian male,342,25.019675493240356,7.273265838623047,26.14109666700824,,24.0960031747818,6.686243057250977,25.482412334007677,
dreamshaper-lcm,caucasian male,363,25.969141721725464,7.268747329711914,22.44469241600018,,26.08274519443512,6.379619598388672,23.256108250003308,
dreamshaper-lcm,caucasian male,367,25.93907117843628,7.138428688049316,23.294111499999417,,25.751468539237976,6.847386360168457,26.578292541991686,
dreamshaper-lcm,caucasian male,395,21.322737634181976,7.290960311889648,22.82649541599676,,21.079769730567932,7.179998397827148,23.460884333006106,
dreamshaper-lcm,caucasian male,409,24.973133206367493,7.331544876098633,22.40004454200971,,25.45367181301117,7.141232490539551,23.031395290978253,
dreamshaper-lcm,caucasian male,415,24.80398416519165,7.011406898498535,20.979573582997546,,24.538838863372803,6.931526184082031,23.12308291697991,
dreamshaper-lcm,caucasian male,431,21.76510989665985,7.037920951843262,21.994571041985182,,23.715674877166748,6.988307476043701,23.917620708001778,
dreamshaper-lcm,caucasian male,445,24.983106553554535,7.356374740600586,22.395289249980124,,24.83328878879547,7.060524940490723,22.52260391699383,
dreamshaper-lcm,caucasian male,454,27.645817399024963,7.231098651885986,21.85859333400731,,26.95402503013611,6.216561317443848,22.489947125024628,
dreamshaper-lcm,caucasian male,459,25.51073431968689,7.0503387451171875,21.596967499994207,,25.421559810638428,6.474786281585693,27.463521124998806,
dreamshaper-lcm,caucasian male,484,21.46124839782715,7.240543842315674,24.703697958000703,,23.133882880210876,7.179342269897461,23.9914592919813,
dreamshaper-lcm,caucasian male,489,21.458591520786285,7.344429016113281,20.85777491700719,,23.19509983062744,6.8711652755737305,22.862248207995435,
dreamshaper-lcm,caucasian male,498,23.875440657138824,7.430273056030273,21.6554311249929,,22.94938564300537,6.88045597076416,24.175245791993802,
dreamshaper-lcm,caucasian male,506,24.46219176054001,7.081653594970703,22.104772499995306,,24.722933769226074,6.635066509246826,22.586871292005526,
dreamshaper-lcm,caucasian male,517,25.255119800567627,7.212172508239746,23.216936791985063,,26.132071018218994,6.930734157562256,23.225563290994614,
dreamshaper-lcm,caucasian male,521,25.044453144073486,7.143847465515137,22.41099191698595,,23.841041326522827,7.281559467315674,22.15531166701112,
dreamshaper-lcm,caucasian male,524,24.617093801498413,7.143316268920898,21.202496582991444,,25.056180357933044,7.026663780212402,23.686413999996148,
dreamshaper-lcm,caucasian male,534,25.711485743522644,7.476476669311523,21.480966541013913,,25.08518099784851,6.790284156799316,22.862647875008406,
dreamshaper-lcm,caucasian male,546,24.820789694786072,7.24981689453125,22.74179749999894,,24.713604152202606,6.892207145690918,23.644980207987828,
dreamshaper-lcm,caucasian male,557,25.53173303604126,6.9630279541015625,21.544062875007512,,24.043606221675873,6.997370719909668,22.67781212500995,
dreamshaper-lcm,caucasian male,562,23.20939749479294,7.4673943519592285,21.788167999999132,,24.068273603916168,7.087735176086426,22.303695916983997,
dreamshaper-lcm,caucasian male,566,25.93827247619629,6.931665897369385,22.06805225001881,,26.16870403289795,6.960518836975098,22.740753041987773,
dreamshaper-lcm,caucasian male,574,25.508975982666016,7.003966331481934,21.695719875016948,,25.372454524040222,6.6405792236328125,24.62935566698434,
dreamshaper-lcm,caucasian male,582,24.943411350250244,7.533405780792236,21.21860462499899,,25.47714114189148,7.071109771728516,25.141399957996327,
dreamshaper-lcm,caucasian male,598,25.792255997657776,6.803828239440918,23.885024459013948,,25.799202919006348,6.341867923736572,28.889708542003063,
dreamshaper-lcm,caucasian male,617,23.56232851743698,7.555085182189941,23.22947420901619,,23.124323785305023,7.532065391540527,24.431078040972352,
dreamshaper-lcm,caucasian male,626,25.37567913532257,7.218851089477539,23.25444787502056,,25.00089704990387,7.07815408706665,23.259067125007277,
dreamshaper-lcm,caucasian male,627,24.620187282562256,7.22929573059082,22.444069999997737,,25.166454911231995,6.909543991088867,22.502761542011285,
dreamshaper-lcm,caucasian male,634,24.623794853687286,7.16491174697876,21.625550374999875,,24.00224357843399,6.80705451965332,23.14277991699055,
dreamshaper-lcm,caucasian male,641,25.91010332107544,7.176974296569824,22.59660370799247,,25.605538487434387,6.919381141662598,23.855032041989034,
dreamshaper-lcm,caucasian male,656,24.118158221244812,7.487095832824707,20.88534033400356,,23.956194519996643,6.853902816772461,24.701520916016307,
dreamshaper-lcm,caucasian male,685,24.763283133506775,6.938536643981934,21.618111082992982,,23.586800694465637,6.787446022033691,25.90268791699782,
dreamshaper-lcm,caucasian male,701,24.913258850574493,7.342441558837891,23.060833417024696,,26.42267942428589,6.905394077301025,22.885179249977227,
dreamshaper-lcm,caucasian male,721,24.190762639045715,7.553946495056152,22.56205541701638,,22.80282825231552,6.934924125671387,23.259111250023125,
dreamshaper-lcm,caucasian male,723,23.82620871067047,7.361748695373535,21.162150583026232,,26.030325889587402,6.982546329498291,25.54177687500487,
dreamshaper-lcm,caucasian male,728,24.32100921869278,7.330114364624023,23.205978832993424,,23.95610213279724,6.826385021209717,23.35125491701183,
dreamshaper-lcm,caucasian male,737,23.98305982351303,7.112942695617676,22.23539920899202,,25.148087739944458,6.9390668869018555,23.615520708990516,
dreamshaper-lcm,caucasian male,748,25.886806845664978,6.734946250915527,23.60724433301948,,25.280514359474182,6.383677959442139,26.010412666975753,
dreamshaper-lcm,caucasian male,774,25.206702947616577,7.431033611297607,22.60298533301102,,23.520582914352417,7.393157482147217,23.654070458986098,
dreamshaper-lcm,caucasian male,777,24.74464178085327,7.345252990722656,21.326394375006203,,23.766973614692688,6.525626182556152,24.826749707979616,
dreamshaper-lcm,caucasian male,803,26.02364718914032,7.369420051574707,22.828933332988527,,26.615989208221436,6.998654365539551,22.874666416988475,
dreamshaper-lcm,caucasian male,804,23.938296735286713,7.260463714599609,24.226666667003883,,24.33786392211914,7.095174312591553,25.57176837499719,
dreamshaper-lcm,caucasian male,819,25.51509737968445,7.434751510620117,24.58211512499838,,25.30820369720459,7.072559356689453,23.862809207988903,
dreamshaper-lcm,caucasian male,823,24.549587070941925,6.80510139465332,22.704841375001706,,24.885208904743195,6.888488292694092,23.87859350000508,
dreamshaper-lcm,caucasian male,825,24.703210592269897,7.304141044616699,22.174635041999863,,22.748716175556183,6.857020854949951,22.187055791990133,
dreamshaper-lcm,caucasian male,830,22.36015498638153,7.388599395751953,22.83711295799003,,24.051670730113983,7.4339752197265625,24.046006874996237,
dreamshaper-lcm,caucasian male,845,26.923072338104248,7.1435370445251465,21.3931930839899,,26.492944359779358,6.569795608520508,24.74871958300355,
dreamshaper-lcm,caucasian male,848,22.94803261756897,7.6073808670043945,24.472174082999118,,24.92019236087799,7.151273727416992,24.9188730000169,
dreamshaper-lcm,caucasian male,850,23.27008843421936,7.54700231552124,23.25185391600826,,21.593570709228516,7.344488143920898,24.626115541002946,
dreamshaper-lcm,caucasian male,861,25.0,7.091793060302734,22.584303957992233,,23.85515123605728,7.08256721496582,22.892842667002697,
dreamshaper-lcm,caucasian male,865,24.560336768627167,7.205939292907715,22.753828290995443,,24.804700911045074,7.012438774108887,22.547089750005398,
dreamshaper-lcm,caucasian male,871,23.93357753753662,7.523168087005615,21.606828041985864,,23.30051362514496,6.9083147048950195,22.60194920800859,
dreamshaper-lcm,caucasian male,887,24.39383864402771,7.041935920715332,20.81530683298479,,24.166788160800934,7.160338401794434,23.315482250007335,
dreamshaper-lcm,caucasian male,889,24.83741044998169,7.207010269165039,22.855656625004485,,26.383891701698303,6.838822364807129,22.698893000022508,
dreamshaper-lcm,caucasian male,892,25.760039687156677,7.296219825744629,22.05855195800541,,24.638113379478455,7.131006717681885,22.707655333011644,
dreamshaper-lcm,caucasian male,897,23.440422117710114,7.383655548095703,20.673813792003784,,24.55703914165497,7.120471000671387,24.203603041009046,
dreamshaper-lcm,caucasian male,910,25.139212608337402,7.443737506866455,22.005823584011523,,24.606342613697052,6.8062334060668945,24.921324499999173,
dreamshaper-lcm,caucasian male,912,24.416296184062958,7.138232231140137,23.372080458007986,,23.291368782520294,7.008146286010742,23.266765709005995,
dreamshaper-lcm,caucasian male,914,24.369555711746216,7.403011322021484,23.11529616700136,,23.180609941482544,7.219925880432129,28.37137687500217,
dreamshaper-lcm,caucasian male,921,23.25209081172943,7.336339950561523,24.472263749979902,,22.730204463005066,7.026765823364258,24.400021124980412,
dreamshaper-lcm,caucasian male,924,23.671074211597443,7.232738971710205,22.662417999992613,,24.77157413959503,6.976051330566406,25.71473545799381,
dreamshaper-lcm,caucasian male,930,24.222569167613983,7.559136390686035,25.246091292006895,,23.061804473400116,7.289983749389648,25.392768708989024,
dreamshaper-lcm,caucasian male,932,24.324005842208862,7.102763652801514,22.897664707998047,,24.999286234378815,7.14351224899292,23.6676608340058,
dreamshaper-lcm,caucasian male,935,25.264477729797363,7.43305778503418,22.98620949999895,,23.926788568496704,6.990954399108887,23.748843000008492,
dreamshaper-lcm,caucasian male,941,23.88286590576172,7.328272819519043,22.90872933299397,,23.139861226081848,6.986983299255371,23.22688366600778,
dreamshaper-lcm,caucasian male,961,24.890469014644623,7.315153121948242,23.379441708006198,,25.450092554092407,7.009502410888672,24.13529124998604,
dreamshaper-lcm,caucasian male,985,23.235535621643066,7.4027276039123535,21.515595749981003,,26.731112599372864,6.908326148986816,25.621037333999993,
dreamshaper-lcm,caucasian male,989,24.819934368133545,7.1629133224487305,23.37663787501515,,25.48762559890747,6.81510066986084,25.730825500009814,
dreamshaper-lcm,city landscape,2,22.91525900363922,7.014883518218994,24.38523533300031,/Users/kevingeng07/Reffusion Project/benchmark/output_two_stage/images/dreamshaper-lcm/city-landscape/stage1_seed_2.png,19.37658190727234,6.495744228363037,24.819399625004735,/Users/kevingeng07/Reffusion Project/benchmark/output_two_stage/images/dreamshaper-lcm/city-landscape/stage2_seed_2.png
dreamshaper-lcm,city landscape,15,22.519482672214508,6.996173858642578,22.014086290990235,/Users/kevingeng07/Reffusion Project/benchmark/output_two_stage/images/dreamshaper-lcm/city-landscape/stage1_seed_15.png,21.549314260482788,6.4120564460754395,22.51427583399345,/Users/kevingeng07/Reffusion Project/benchmark/output_two_stage/images/dreamshaper-lcm/city-landscape/stage2_seed_15.png
dreamshaper-lcm,city landscape,42,21.694062650203705,6.410364151000977,21.981398999982048,/Users/kevingeng07/Reffusion Project/benchmark/output_two_stage/images/dreamshaper-lcm/city-landscape/stage1_seed_42.png,21.265535056591034,5.95656681060791,25.708997999987332,/Users/kevingeng07/Reffusion Project/benchmark/output_two_stage/images/dreamshaper-lcm/city-landscape/stage2_seed_42.png
dreamshaper-lcm,city landscape,64,22.93083369731903,6.727809906005859,21.011765040981118,/Users/kevingeng07/Reffusion Project/benchmark/output_two_stage/images/dreamshaper-lcm/city-landscape/stage1_seed_64.png,21.15861177444458,6.241916179656982,23.364831499988213,/Users/kevingeng07/Reffusion Project/benchmark/output_two_stage/images/dreamshaper-lcm/city-landscape/stage2_seed_64.png
dreamshaper-lcm,city landscape,65,21.342477202415466,6.371033191680908,22.581327332998626,/Users/kevingeng07/Reffusion Project/benchmark/output_two_stage/images/dreamshaper-lcm/city-landscape/stage1_seed_65.png,21.471169590950012,6.187514305114746,22.49294833399472,/Users/kevingeng07/Reffusion Project/benchmark/output_two_stage/images/dreamshaper-lcm/city-landscape/stage2_seed_65.png
dreamshaper-lcm,city landscape,76,20.1826810836792,6.138453483581543,23.022018916992238,,21.14178240299225,6.392917633056641,22.533106709015556,
dreamshaper-lcm,city landscape,83,21.878254413604736,6.621155738830566,21.621812958997907,,19.86338198184967,6.258711814880371,22.663131166016683,
dreamshaper-lcm,city landscape,94,20.67018449306488,6.277795791625977,21.03600333299255,,20.887595415115356,6.406740188598633,23.682613207987742,
dreamshaper-lcm,city landscape,96,22.786614298820496,6.610500812530518,22.001697917003185,,19.542014598846436,5.956685543060303,23.34442929198849,
dreamshaper-lcm,city landscape,98,20.48642933368683,6.692252159118652,22.21709262501099,,19.880971312522888,6.199774265289307,22.738517958990997,
dreamshaper-lcm,city landscape,102,20.070280134677887,6.445250511169434,22.44880316700437,,18.711522221565247,6.523015022277832,23.411393707996467,
dreamshaper-lcm,city landscape,104,22.220537066459656,6.452000141143799,21.833128124999348,,20.08204758167267,5.798208236694336,24.088063500006683,
dreamshaper-lcm,city landscape,143,20.3388050198555,6.36117696762085,21.73153358401032,,20.416569709777832,6.116092681884766,22.772009542008163,
dreamshaper-lcm,city landscape,144,20.47306001186371,6.705372333526611,22.17137779199402,,21.36695384979248,6.671377182006836,24.529389415984042,
dreamshaper-lcm,city landscape,146,20.734097063541412,6.797246932983398,23.90768712499994,,20.62702625989914,6.262323379516602,26.277744917024393,
dreamshaper-lcm,city landscape,151,21.5609148144722,6.616677284240723,26.926256582984934,,20.32018005847931,6.11668586730957,24.8532154999848,
dreamshaper-lcm,city landscape,196,21.17777019739151,6.1198649406433105,22.920567792025395,,19.438228011131287,6.075369834899902,25.001938500005053,
dreamshaper-lcm,city landscape,210,21.394696831703186,7.0539140701293945,23.74435541598359,,20.71259617805481,6.81038761138916,24.11518937497749,
dreamshaper-lcm,city landscape,224,22.05885350704193,6.752626419067383,23.597761207987787,,21.504728496074677,6.239103317260742,23.568300709011964,
dreamshaper-lcm,city landscape,228,22.573357820510864,6.8609771728515625,25.146007542003645,,22.018367052078247,6.360243797302246,24.398097959026927,
dreamshaper-lcm,city landscape,245,19.99461054801941,6.182975769042969,26.63235945798806,,19.826382398605347,6.150847434997559,24.47579745799885,
dreamshaper-lcm,city landscape,250,22.888922691345215,6.784432411193848,22.610034541983623,,20.2257439494133,6.797402381896973,23.56552412500605,
dreamshaper-lcm,city landscape,257,21.259725093841553,6.107020854949951,23.789060166018317,,22.350235283374786,6.019218444824219,23.775768124993192,
dreamshaper-lcm,city landscape,266,20.11674791574478,6.654454231262207,21.55181466700742,,18.731777369976044,6.204827785491943,23.383114291995298,
dreamshaper-lcm,city landscape,267,20.422348380088806,6.704893589019775,21.4630018750031,,19.889619946479797,6.651228904724121,22.922015165997436,
dreamshaper-lcm,city landscape,289,21.747751533985138,6.631490707397461,23.857127042021602,,20.838674902915955,6.501296043395996,25.515757583023515,
dreamshaper-lcm,city landscape,311,20.33684104681015,6.961694240570068,24.510787833976792,,20.30133605003357,6.588996887207031,23.929496458003996,
dreamshaper-lcm,city landscape,318,21.625912189483643,6.397027969360352,22.10710279198247,,21.05206549167633,6.48277473449707,24.049014165997505,
dreamshaper-lcm,city landscape,324,20.332759618759155,6.809056282043457,23.523770041007083,,19.22626793384552,6.509069442749023,23.10694104200229,
dreamshaper-lcm,city landscape,328,21.369940042495728,6.892923355102539,24.0613473750127,,20.764727890491486,6.6311726570129395,27.546735000010813,
dreamshaper-lcm,city landscape,334,21.15635573863983,6.3298163414001465,23.721282957994845,,21.663159132003784,6.257226943969727,22.19303308299277,
dreamshaper-lcm,city landscape,339,20.77772468328476,6.600543022155762,22.336130208015675,,21.72640860080719,6.128762245178223,23.632548374996986,
dreamshaper-lcm,city landscape,342,23.098887503147125,6.721420764923096,21.902954541990766,,21.55495434999466,6.134821891784668,23.22748354097712,
dreamshaper-lcm,city landscape,363,18.766865134239197,6.113537788391113,21.332383667002432,,21.367157995700836,6.029481887817383,22.47287783297361,
dreamshaper-lcm,city landscape,367,22.369346022605896,6.7214436531066895,23.492303708015243,,22.06791639328003,6.320206642150879,23.59459229200729,
dreamshaper-lcm,city landscape,395,23.157858848571777,6.987892150878906,24.596422457980225,,20.929719507694244,6.184390068054199,23.686070666997693,
dreamshaper-lcm,city landscape,409,20.74999511241913,7.071144104003906,23.822028708003927,,19.485101103782654,6.342926025390625,25.185952125000767,
dreamshaper-lcm,city landscape,415,21.18186503648758,6.79350471496582,26.70190845799516,,19.55276131629944,6.429498195648193,25.503351499995915,
dreamshaper-lcm,city landscape,431,20.325879752635956,6.337428092956543,22.870670250005787,,19.912736117839813,6.166576862335205,25.482169625000097,
dreamshaper-lcm,city landscape,445,21.411947906017303,6.33126163482666,21.80505795800127,,21.644560992717743,6.064098358154297,23.51631841697963,
dreamshaper-lcm,city landscape,454,21.298184990882874,6.671421051025391,21.501055708009517,,20.852509140968323,6.351778984069824,24.489447833999293,
dreamshaper-lcm,city landscape,459,22.663258016109467,6.445330619812012,22.801571625022916,,20.166687667369843,6.060549736022949,23.882539665995864,
dreamshaper-lcm,city landscape,484,19.449755549430847,6.5009965896606445,22.782610791997286,,21.0458904504776,6.0783915519714355,23.289539833000163,
dreamshaper-lcm,city landscape,489,20.67028284072876,6.673201560974121,21.954664875025628,,18.69191974401474,5.93775749206543,22.28563308401499,
dreamshaper-lcm,city landscape,498,21.531084179878235,6.9128923416137695,23.812762249988737,,22.66952693462372,6.551541328430176,23.29224566600169,
dreamshaper-lcm,city landscape,506,21.519044041633606,6.893113136291504,24.77783958299551,,21.184752881526947,6.5479278564453125,29.40074354200624,
dreamshaper-lcm,city landscape,517,20.572030544281006,6.66253662109375,22.442757625016384,,20.417484641075134,6.507074356079102,26.030719916016096,
dreamshaper-lcm,city landscape,521,21.868620812892914,6.508662223815918,21.77757541599567,,23.139411211013794,6.512686729431152,23.672091832995648,
dreamshaper-lcm,city landscape,524,20.96298336982727,6.573867321014404,25.293791000003694,,19.877025485038757,6.493475914001465,24.37911300000269,
dreamshaper-lcm,city landscape,534,22.944729030132294,6.481472969055176,23.306931833009003,,22.09004908800125,6.311896324157715,24.102034790994367,
dreamshaper-lcm,city landscape,546,19.749608635902405,6.731762886047363,23.045550832990557,,19.854828715324402,6.158483982086182,27.149640749994433,
dreamshaper-lcm,city landscape,557,20.238694548606873,6.182209014892578,22.117288958019344,,20.294885337352753,6.169577598571777,24.478418750019046,
dreamshaper-lcm,city landscape,562,19.52001452445984,6.613368034362793,21.958950000000186,,18.457317352294922,6.403792381286621,22.308785957982764,
dreamshaper-lcm,city landscape,566,20.63777446746826,6.29366397857666,23.267766707984265,,20.460012555122375,6.101326942443848,22.633963250002125,
dreamshaper-lcm,city landscape,574,19.25223469734192,6.067842483520508,22.588065041025402,,20.651796460151672,6.316328048706055,22.55204558398691,
dreamshaper-lcm,city landscape,582,21.3994562625885,6.652740001678467,24.57641962499474,,20.683181285858154,5.953462600708008,27.33049808398937,
dreamshaper-lcm,city landscape,598,22.112292051315308,6.206480026245117,22.668608000007225,,23.661768436431885,6.83013916015625,23.531025125004817,
dreamshaper-lcm,city landscape,617,21.378907561302185,6.999317169189453,21.602572792005958,,18.424680829048157,6.36613655090332,23.164551875001052,
dreamshaper-lcm,city landscape,626,21.13472819328308,6.967271327972412,24.2125960830017,,19.36909556388855,6.051211357116699,23.966004249989055,
dreamshaper-lcm,city landscape,627,21.524646878242493,6.424625396728516,25.08397779200459,,20.361055433750153,6.094873428344727,23.94120191698312,
dreamshaper-lcm,city landscape,634,22.78243899345398,6.356036186218262,22.628091541992035,,21.280385553836823,6.283766269683838,23.546518167015165,
dreamshaper-lcm,city landscape,641,21.17292881011963,6.479625701904297,22.03347616698011,,19.70810741186142,5.80351448059082,23.460450999991735,
dreamshaper-lcm,city landscape,656,20.76050639152527,6.680838584899902,22.836751166993054,,19.75739598274231,6.320468425750732,24.274746584007517,
dreamshaper-lcm,city landscape,685,21.368597447872162,6.303169250488281,24.506499583018012,,21.606096625328064,5.902029991149902,30.22426070898655,
dreamshaper-lcm,city landscape,701,20.30642032623291,6.635416030883789,28.353841875010403,,19.274073839187622,6.088888645172119,26.670621124998434,
dreamshaper-lcm,city landscape,721,21.143680810928345,6.459814071655273,24.223489416996017,,19.94149386882782,6.077960968017578,26.499882457981585,
dreamshaper-lcm,city landscape,723,21.79361879825592,6.488698482513428,25.822970708017237,,18.857817351818085,5.6907501220703125,29.471438917011255,
dreamshaper-lcm,city landscape,728,20.015686750411987,6.545234680175781,24.864610499993432,,19.300568103790283,5.973933219909668,26.2927801659971,
dreamshaper-lcm,city landscape,737,21.13626003265381,6.763115882873535,24.26599833299406,,23.831146955490112,6.654941082000732,25.402919375017518,
dreamshaper-lcm,city landscape,748,21.830394864082336,6.7486162185668945,23.497689207986696,,21.167801320552826,6.241121768951416,24.840643207979156,
dreamshaper-lcm,city landscape,774,19.90237981081009,6.2665629386901855,22.7714771660103,,21.13218754529953,6.493724822998047,24.65824358401005,
dreamshaper-lcm,city landscape,777,21.576175093650818,6.420270919799805,25.795545208005933,,21.906505525112152,6.131099700927734,26.071434000012232,
dreamshaper-lcm,city landscape,803,23.10495674610138,6.980230331420898,22.74021466699196,,21.10162377357483,6.276270866394043,25.239331832999596,
dreamshaper-lcm,city landscape,804,20.924682915210724,6.562857627868652,25.652376000012737,,21.691930294036865,6.39473819732666,24.193194916995708,
dreamshaper-lcm,city landscape,819,19.820891320705414,6.593533515930176,23.44138187498902,,20.540639758110046,6.680550575256348,26.702972500002943,
dreamshaper-lcm,city landscape,823,20.793946087360382,6.710497856140137,22.7345229589846,,21.39786332845688,6.441400527954102,24.490012416994432,
dreamshaper-lcm,city landscape,825,20.93340754508972,6.651040077209473,32.430204457981745,,20.140838623046875,6.184238433837891,24.767342625011224,
dreamshaper-lcm,city landscape,830,20.133015513420105,6.654801845550537,25.47920862500905,,17.722567915916443,6.483591556549072,23.649360500014154,
dreamshaper-lcm,city landscape,845,21.107031404972076,6.344833850860596,24.185257959004957,,20.41497230529785,6.031508445739746,24.288251208985457,
dreamshaper-lcm,city landscape,848,21.10484093427658,6.380521774291992,21.83043249999173,,20.31785249710083,6.441909313201904,23.12763195799198,
dreamshaper-lcm,city landscape,850,21.324080228805542,6.475015640258789,22.073456165991956,,22.326478362083435,6.296703815460205,23.389141499996185,
dreamshaper-lcm,city landscape,861,19.343528151512146,6.231049060821533,21.83898049997515,,21.4065283536911,5.86428165435791,23.169500542018795,
dreamshaper-lcm,city landscape,865,18.949931859970093,6.372323036193848,21.116979834012454,,20.887988805770874,5.985212326049805,23.005072333005955,
dreamshaper-lcm,city landscape,871,21.06504738330841,6.97268009185791,22.268893250002293,,18.202942609786987,6.417394638061523,22.693792000005487,
dreamshaper-lcm,city landscape,887,21.628060936927795,6.511584281921387,22.23330600000918,,20.925936102867126,6.116966247558594,23.974816458008718,
dreamshaper-lcm,city landscape,889,21.013464033603668,6.230079174041748,21.095529333979357,,21.713539958000183,6.48471212387085,26.46256350001204,
dreamshaper-lcm,city landscape,892,19.630102813243866,6.501874923706055,21.581057667004643,,21.805238723754883,6.225181579589844,24.217003042023862,
dreamshaper-lcm,city landscape,897,20.775943994522095,5.756840705871582,21.031871334009338,,18.61273944377899,6.1106276512146,23.783936166000785,
dreamshaper-lcm,city landscape,910,20.27556300163269,6.078010559082031,23.961281166994013,,20.89202105998993,5.788378715515137,22.822760457987897,
dreamshaper-lcm,city landscape,912,18.52632761001587,6.598631381988525,21.61851304199081,,18.669691681861877,6.104011058807373,24.896615832985844,
dreamshaper-lcm,city landscape,914,19.483642280101776,6.7135725021362305,23.543913083005464,,20.234082639217377,6.197617530822754,23.638626667001517,
dreamshaper-lcm,city landscape,921,20.121601223945618,6.266672611236572,22.030202832975192,,21.37346863746643,6.029706001281738,23.209962958004326,
dreamshaper-lcm,city landscape,924,20.61436176300049,6.375188827514648,22.626370583981043,,20.989510416984558,6.291082382202148,23.710113959008595,
dreamshaper-lcm,city landscape,930,21.995137631893158,6.5458550453186035,24.80848845798755,,19.178633391857147,6.626102924346924,24.599011041980702,
dreamshaper-lcm,city landscape,932,22.868913412094116,6.5731353759765625,23.36696062501869,,23.279231786727905,6.738922119140625,22.903499916021246,
dreamshaper-lcm,city landscape,935,20.548556745052338,6.537293434143066,23.097979582991684,,20.54211050271988,6.049525260925293,27.169714708987158,
dreamshaper-lcm,city landscape,941,22.42918610572815,7.143583297729492,23.68822775001172,,22.106337547302246,6.200906753540039,24.024717167019844,
dreamshaper-lcm,city landscape,961,21.890629827976227,7.09377384185791,25.08982183301123,,20.51086276769638,6.489754676818848,30.004308834002586,
dreamshaper-lcm,city landscape,985,21.40207141637802,6.563847064971924,24.167209916980937,,19.827885925769806,6.383599281311035,23.925967124989256,
dreamshaper-lcm,city landscape,989,22.31619358062744,6.733625411987305,25.650993165996624,,20.12416273355484,5.919561386108398,24.107949666999048,
dreamshaper-lcm,northern lights,2,22.750356793403625,6.437106132507324,26.030726208002307,/Users/kevingeng07/Reffusion Project/benchmark/output_two_stage/images/dreamshaper-lcm/northern-lights/stage1_seed_2.png,23.30024540424347,6.463777542114258,26.16941383399535,/Users/kevingeng07/Reffusion Project/benchmark/output_two_stage/images/dreamshaper-lcm/northern-lights/stage2_seed_2.png
dreamshaper-lcm,northern lights,15,23.371733725070953,6.420456886291504,23.05367437499808,/Users/kevingeng07/Reffusion Project/benchmark/output_two_stage/images/dreamshaper-lcm/northern-lights/stage1_seed_15.png,23.86459708213806,6.6600236892700195,27.831211458018515,/Users/kevingeng07/Reffusion Project/benchmark/output_two_stage/images/dreamshaper-lcm/northern-lights/stage2_seed_15.png
dreamshaper-lcm,northern lights,42,23.008085787296295,6.310329437255859,22.908006040990585,/Users/kevingeng07/Reffusion Project/benchmark/output_two_stage/images/dreamshaper-lcm/northern-lights/stage1_seed_42.png,24.376043677330017,6.522092819213867,23.398293583013583,/Users/kevingeng07/Reffusion Project/benchmark/output_two_stage/images/dreamshaper-lcm/northern-lights/stage2_seed_42.png
dreamshaper-lcm,northern lights,64,23.124057054519653,6.222531318664551,21.868535957997665,/Users/kevingeng07/Reffusion Project/benchmark/output_two_stage/images/dreamshaper-lcm/northern-lights/stage1_seed_64.png,23.623603582382202,6.023634910583496,22.722806125006173,/Users/kevingeng07/Reffusion Project/benchmark/output_two_stage/images/dreamshaper-lcm/northern-lights/stage2_seed_64.png
dreamshaper-lcm,northern lights,65,23.07170331478119,6.259891510009766,26.23010891699232,/Users/kevingeng07/Reffusion Project/benchmark/output_two_stage/images/dreamshaper-lcm/northern-lights/stage1_seed_65.png,22.935140132904053,6.310576438903809,29.23142949998146,/Users/kevingeng07/Reffusion Project/benchmark/output_two_stage/images/dreamshaper-lcm/northern-lights/stage2_seed_65.png
dreamshaper-lcm,northern lights,76,22.951696813106537,5.9792399406433105,24.02025729100569,,22.934919595718384,5.907498359680176,26.327285707986448,
dreamshaper-lcm,northern lights,83,23.377209901809692,6.52365255355835,24.43167283400544,,24.233126640319824,6.574202060699463,23.785924375028117,
dreamshaper-lcm,northern lights,94,23.25730323791504,6.414621353149414,22.28922924998915,,22.91150391101837,6.257778167724609,24.51474362501176,
dreamshaper-lcm,northern lights,96,23.844757676124573,6.319037437438965,21.98588845899212,,24.37669336795807,6.618672847747803,23.889374124992173,
dreamshaper-lcm,northern lights,98,23.248136043548584,6.148241996765137,25.307375709002372,,23.409616947174072,6.519160747528076,23.778656042006332,
dreamshaper-lcm,northern lights,102,23.69564324617386,6.459158897399902,23.339360082987696,,23.9837646484375,6.599322319030762,29.32949999999255,
dreamshaper-lcm,northern lights,104,23.00204038619995,6.144899368286133,23.477576291013975,,22.59882688522339,6.296339988708496,26.478656624996802,
dreamshaper-lcm,northern lights,143,22.520187497138977,6.194584846496582,23.805122999998275,,22.497910261154175,6.3672685623168945,24.715069500001846,
dreamshaper-lcm,northern lights,144,22.58899211883545,6.310585975646973,22.553324125008658,,22.63917624950409,6.309061050415039,24.5726213750022,
dreamshaper-lcm,northern lights,146,23.86753559112549,6.675968170166016,23.525105000007898,,23.157070577144623,6.641397476196289,23.812069874984445,
dreamshaper-lcm,northern lights,151,23.41490089893341,6.364385604858398,22.243042583024362,,23.44762682914734,6.421652793884277,23.233511999977054,
dreamshaper-lcm,northern lights,196,23.478081822395325,6.341530799865723,24.739079416001914,,23.072339594364166,6.502927780151367,30.94245354202576,
dreamshaper-lcm,northern lights,210,23.53709638118744,6.192183494567871,27.271181666990742,,23.777559399604797,6.378737449645996,25.28650033302256,
dreamshaper-lcm,northern lights,224,23.391547799110413,6.2794270515441895,21.79247074999148,,22.994405031204224,6.369421482086182,23.66469533299096,
dreamshaper-lcm,northern lights,228,23.15327823162079,6.211503982543945,22.269086042011622,,23.705720901489258,6.440006256103516,23.520486875000643,
dreamshaper-lcm,northern lights,245,23.235373198986053,6.134973526000977,23.23137870800565,,23.84595274925232,6.341677665710449,23.650950624985853,
dreamshaper-lcm,northern lights,250,23.873651027679443,6.420024871826172,22.47547279202263,,23.845934867858887,6.654949188232422,27.944673833000707,
dreamshaper-lcm,northern lights,257,23.741328716278076,6.3021087646484375,23.673801083001308,,23.700696229934692,6.350418567657471,26.86085266698501,
dreamshaper-lcm,northern lights,266,23.324188590049744,6.4237565994262695,22.040201875002822,,23.410633206367493,6.352449417114258,24.642493875027867,
dreamshaper-lcm,northern lights,267,22.946566343307495,6.2511162757873535,22.271807665994857,,23.5967755317688,6.503725528717041,24.07279858298716,
dreamshaper-lcm,northern lights,289,23.417262732982635,6.398107051849365,22.975955750007415,,24.92646872997284,6.759200096130371,23.950980249996064,
dreamshaper-lcm,northern lights,311,23.702356219291687,6.308307647705078,22.278041124984156,,24.536141753196716,6.5393242835998535,25.71238254097989,
dreamshaper-lcm,northern lights,318,22.50325381755829,6.448096752166748,24.949982791993534,,23.025798797607422,6.422346591949463,24.508748666004976,
dreamshaper-lcm,northern lights,324,22.73508906364441,6.497186660766602,26.654069291980704,,23.8500714302063,6.601764678955078,25.16581116701127,
dreamshaper-lcm,northern lights,328,22.27310836315155,6.109849452972412,23.774102750001475,,23.585456609725952,6.4337334632873535,22.876053916988894,
dreamshaper-lcm,northern lights,334,23.203136026859283,6.304664611816406,23.173813749977853,,23.913273215293884,6.478226184844971,24.836563292017672,
dreamshaper-lcm,northern lights,339,23.495566844940186,6.37429666519165,24.15712895899196,,23.47113788127899,6.490553855895996,69.0471459160035,
dreamshaper-lcm,northern lights,342,23.19263368844986,6.062376976013184,30.54369329099427,,23.837722837924957,6.386754989624023,56.04648499999894,
dreamshaper-lcm,northern lights,363,23.857609927654266,6.404366493225098,48.526748832984595,,24.345146119594574,6.488750457763672,56.13679983399925,
dreamshaper-lcm,northern lights,367,23.676446080207825,6.268949508666992,50.06519545899937,,24.263127148151398,6.472153186798096,46.98459170901333,
dreamshaper-lcm,northern lights,395,23.001521825790405,6.079056262969971,101.31429066701094,,22.70905375480652,6.265913009643555,99.75595724998857,
dreamshaper-lcm,northern lights,409,23.51219952106476,6.483334541320801,48.41040666701156,,23.677995800971985,6.470711708068848,32.99800349998986,
dreamshaper-lcm,northern lights,415,23.472723364830017,6.41743278503418,31.614557499997318,,23.071888089179993,6.298283576965332,38.85936312499689,
dreamshaper-lcm,northern lights,431,23.525211215019226,6.284701347351074,47.58285516698379,,23.58955591917038,6.59998893737793,32.66666241598432,
dreamshaper-lcm,northern lights,445,23.328253626823425,6.288795471191406,31.555108415981522,,23.59805405139923,6.489851951599121,32.43080916599138,
dreamshaper-lcm,northern lights,454,24.210330843925476,6.561666011810303,28.44851462499355,,23.924914002418518,6.611577033996582,35.96466420800425,
dreamshaper-lcm,northern lights,459,23.072336614131927,6.304914474487305,39.70635950000724,,23.10919761657715,6.275522708892822,26.765462125011254,
dreamshaper-lcm,northern lights,484,23.244833946228027,6.430357933044434,21.684484249999514,,22.847864031791687,6.322136878967285,22.385487959021702,
dreamshaper-lcm,northern lights,489,22.679144144058228,6.298410415649414,21.248222374997567,,22.919093072414398,6.323056221008301,24.04259812500095,
dreamshaper-lcm,northern lights,498,23.611529171466827,6.302556037902832,21.791620917007094,,23.71746450662613,6.511649131774902,22.458045625011437,
dreamshaper-lcm,northern lights,506,22.302499413490295,6.1541852951049805,20.99886445797165,,22.934909164905548,6.310638427734375,22.563805707992287,
dreamshaper-lcm,northern lights,517,23.528972268104553,6.5528564453125,21.3413521249895,,23.58599305152893,6.8084211349487305,22.792439458018634,
dreamshaper-lcm,northern lights,521,23.40424507856369,6.35197639465332,20.6763964999991,,23.99068921804428,6.480890274047852,22.84431649997714,
dreamshaper-lcm,northern lights,524,22.868284583091736,6.1571526527404785,39.970775833993685,,23.138658702373505,6.541624069213867,5338.135377750004,
dreamshaper-lcm,northern lights,534,23.135484755039215,6.1172566413879395,23.445720208022976,,23.939792811870575,6.644204139709473,22.798175333999097,
dreamshaper-lcm,northern lights,546,23.271426558494568,6.280355453491211,21.205174417002127,,23.736709356307983,6.404300689697266,24.73573495799792,
dreamshaper-lcm,northern lights,557,22.925765812397003,6.2666730880737305,22.44940770798712,,23.88584613800049,6.668076038360596,24.66797904201667,
dreamshaper-lcm,northern lights,562,23.09105396270752,6.1650848388671875,22.261360875010723,,22.894206643104553,6.426841735839844,22.9787322919874,
dreamshaper-lcm,northern lights,566,23.519551753997803,6.317258834838867,22.850326499989023,,24.30879771709442,6.519284248352051,26.404100749990903,
dreamshaper-lcm,northern lights,574,23.45755696296692,6.550296783447266,23.604705874982756,,23.695263266563416,6.598666191101074,22.91970341699198,
dreamshaper-lcm,northern lights,582,23.48661720752716,6.145021438598633,23.024974083004054,,22.918960452079773,6.203874588012695,23.636998333997326,
dreamshaper-lcm,northern lights,598,23.89964908361435,6.22560977935791,21.90213204099564,,23.31385761499405,6.261871337890625,23.712971084023593,
dreamshaper-lcm,northern lights,617,23.677797615528107,6.245426177978516,21.58889745801571,,24.121972918510437,6.492847919464111,24.791098542016698,
dreamshaper-lcm,northern lights,626,23.45062345266342,6.520371437072754,22.13487249999889,,22.978389263153076,6.432281970977783,22.644145958009176,
dreamshaper-lcm,northern lights,627,22.773583233356476,6.255200386047363,20.89493633300299,,23.11900556087494,6.319684982299805,22.46212054201169,
dreamshaper-lcm,northern lights,634,22.893667221069336,6.374737739562988,21.8106133340043,,24.029618501663208,6.437153339385986,22.643353999999817,
dreamshaper-lcm,northern lights,641,23.563796281814575,6.6801252365112305,21.854903166997246,,23.34950864315033,6.474341869354248,25.336028082994744,
dreamshaper-lcm,northern lights,656,23.46792221069336,6.251354217529297,23.248948833992472,,23.001956939697266,6.406982421875,24.273386249988107,
dreamshaper-lcm,northern lights,685,23.582322895526886,6.373419761657715,26.29386320800404,,23.991404473781586,6.834890842437744,27.271500416012714,
dreamshaper-lcm,northern lights,701,23.136284947395325,6.412057399749756,22.079048458021134,,23.025575280189514,6.310983180999756,23.030302749975817,
dreamshaper-lcm,northern lights,721,23.479947447776794,6.463083744049072,22.024552124988986,,23.217152059078217,6.710534572601318,22.57328954199329,
dreamshaper-lcm,northern lights,723,22.853487730026245,6.251593589782715,21.403135458007455,,22.49903529882431,6.012316703796387,23.91317195800366,
dreamshaper-lcm,northern lights,728,22.621823847293854,6.376816749572754,21.33781991599244,,22.838827967643738,6.586394309997559,23.007425874995533,
dreamshaper-lcm,northern lights,737,23.414258658885956,6.44595193862915,21.581762957997853,,23.79983514547348,6.53831672668457,22.898109790985473,
dreamshaper-lcm,northern lights,748,23.326288163661957,6.324790000915527,22.426860416017007,,24.08405840396881,6.699457168579102,23.01430895901285,
dreamshaper-lcm,northern lights,774,23.274077475070953,6.313814163208008,21.21513487500488,,24.974121153354645,6.467123985290527,23.61743574999855,
dreamshaper-lcm,northern lights,777,23.38995635509491,6.48012113571167,21.65232104199822,,23.423859477043152,6.764942169189453,23.98740104198805,
dreamshaper-lcm,northern lights,803,22.99543023109436,5.972502708435059,21.513441082992358,,23.037460446357727,6.236543655395508,25.519381082995096,
dreamshaper-lcm,northern lights,804,24.472561478614807,6.54453706741333,22.785864167002728,,23.77202808856964,6.575571060180664,22.770471915981034,
dreamshaper-lcm,northern lights,819,23.329268395900726,6.454801082611084,22.827979125024285,,24.1166353225708,6.619633674621582,25.227790708013345,
dreamshaper-lcm,northern lights,823,23.70615005493164,6.606072425842285,22.687102124997182,,23.17773550748825,6.271060943603516,25.69933766699978,
dreamshaper-lcm,northern lights,825,23.31238090991974,6.333147048950195,21.68435983400559,,23.58696758747101,6.567655563354492,22.325213583972072,
dreamshaper-lcm,northern lights,830,23.986758291721344,6.560602188110352,23.313343124988023,,23.93082082271576,6.654008865356445,22.94724991702242,
dreamshaper-lcm,northern lights,845,22.600241005420685,6.191444396972656,21.638848375005182,,23.125487565994263,6.4672956466674805,23.868120708997594,
dreamshaper-lcm,northern lights,848,23.962843418121338,6.670194625854492,21.628123125003185,,24.94349479675293,6.521159648895264,23.520959249988664,
dreamshaper-lcm,northern lights,850,23.79162311553955,6.421195030212402,21.89269974999479,,24.756109714508057,6.662185192108154,23.391019125003368,
dreamshaper-lcm,northern lights,861,24.131961166858673,6.685111045837402,21.74812733300496,,25.181418657302856,6.401424884796143,25.655336041992996,
dreamshaper-lcm,northern lights,865,22.698292136192322,6.119418144226074,21.663014749996364,,23.24175238609314,6.5861711502075195,23.163982166995993,
dreamshaper-lcm,northern lights,871,23.253004252910614,6.148853302001953,21.308888665982522,,23.35127741098404,6.776946067810059,23.810876875009853,
dreamshaper-lcm,northern lights,887,23.12614619731903,6.294379234313965,22.807886958005838,,23.529550433158875,6.432374000549316,27.726629250013502,
dreamshaper-lcm,northern lights,889,23.5175222158432,6.287888526916504,22.444084084010683,,23.943857848644257,6.631898880004883,25.071086291020038,
dreamshaper-lcm,northern lights,892,23.34991991519928,6.381645202636719,22.989455292001367,,24.36475157737732,6.629806995391846,22.731972000008682,
dreamshaper-lcm,northern lights,897,23.644864559173584,6.742114543914795,22.871516624989454,,23.680853843688965,6.491445541381836,22.70629875001032,
dreamshaper-lcm,northern lights,910,23.32017719745636,6.174233913421631,23.85873779200483,,23.767782747745514,6.581562519073486,26.054109083022922,
dreamshaper-lcm,northern lights,912,22.63413965702057,6.398446083068848,22.34448387500015,,23.2668399810791,6.712985515594482,25.87554354200256,
dreamshaper-lcm,northern lights,914,23.998750746250153,6.422286510467529,28.68089950000285,,24.38471168279648,6.690014362335205,27.39024008400156,
dreamshaper-lcm,northern lights,921,23.580199480056763,6.2046027183532715,23.4136717079964,,22.60248363018036,6.271085262298584,23.885096790996613,
dreamshaper-lcm,northern lights,924,23.388999700546265,6.463253498077393,21.726045083021745,,23.118118941783905,6.763376235961914,23.222419584024465,
dreamshaper-lcm,northern lights,930,23.00339788198471,6.190402984619141,21.8030049999943,,23.53731095790863,6.360211372375488,23.165481375006493,
dreamshaper-lcm,northern lights,932,23.4063982963562,6.254697322845459,22.28793429202051,,23.173996806144714,6.617277145385742,22.80770020800992,
dreamshaper-lcm,northern lights,935,22.319546341896057,6.282248497009277,21.251619707996724,,22.54124879837036,6.291561603546143,23.847539375012275,
dreamshaper-lcm,northern lights,941,23.466381430625916,6.261769771575928,21.979043958999682,,24.154523015022278,6.523751258850098,23.252763791999314,
dreamshaper-lcm,northern lights,961,23.962950706481934,6.593471527099609,21.903492833982455,,23.519960045814514,6.435752868652344,22.824051042000065,
dreamshaper-lcm,northern lights,985,23.350033164024353,6.504361629486084,21.4352667920175,,23.141446709632874,6.699230194091797,23.39564624999184,
dreamshaper-lcm,northern lights,989,23.50272536277771,6.315715789794922,22.149687165976502,,23.372918367385864,6.300344467163086,23.190911624988075,
dreamshaper-lcm,television with show playing,2,21.528777480125427,5.217360019683838,24.47666820898303,/Users/kevingeng07/Reffusion Project/benchmark/output_two_stage/images/dreamshaper-lcm/television-with-show-playing/stage1_seed_2.png,22.44146317243576,5.246577262878418,23.234708750009304,/Users/kevingeng07/Reffusion Project/benchmark/output_two_stage/images/dreamshaper-lcm/television-with-show-playing/stage2_seed_2.png
dreamshaper-lcm,television with show playing,15,21.579842269420624,5.3828349113464355,25.78513291699346,/Users/kevingeng07/Reffusion Project/benchmark/output_two_stage/images/dreamshaper-lcm/television-with-show-playing/stage1_seed_15.png,21.205249428749084,5.682441711425781,25.83124775000033,/Users/kevingeng07/Reffusion Project/benchmark/output_two_stage/images/dreamshaper-lcm/television-with-show-playing/stage2_seed_15.png
dreamshaper-lcm,television with show playing,42,21.993008255958557,5.319280624389648,23.685992249986157,/Users/kevingeng07/Reffusion Project/benchmark/output_two_stage/images/dreamshaper-lcm/television-with-show-playing/stage1_seed_42.png,23.150640726089478,5.361814498901367,22.714078082994092,/Users/kevingeng07/Reffusion Project/benchmark/output_two_stage/images/dreamshaper-lcm/television-with-show-playing/stage2_seed_42.png
dreamshaper-lcm,television with show playing,64,22.063474357128143,5.208288192749023,20.712594290991547,/Users/kevingeng07/Reffusion Project/benchmark/output_two_stage/images/dreamshaper-lcm/television-with-show-playing/stage1_seed_64.png,20.521359145641327,5.673529624938965,23.170698833971983,/Users/kevingeng07/Reffusion Project/benchmark/output_two_stage/images/dreamshaper-lcm/television-with-show-playing/stage2_seed_64.png
dreamshaper-lcm,television with show playing,65,23.60292077064514,5.598409652709961,21.17042287500226,/Users/kevingeng07/Reffusion Project/benchmark/output_two_stage/images/dreamshaper-lcm/television-with-show-playing/stage1_seed_65.png,23.142802715301514,5.570533275604248,22.112073708005482,/Users/kevingeng07/Reffusion Project/benchmark/output_two_stage/images/dreamshaper-lcm/television-with-show-playing/stage2_seed_65.png
dreamshaper-lcm,television with show playing,76,23.494207859039307,5.661064624786377,21.802616166009102,,21.435347199440002,5.947787284851074,22.402549958002055,
dreamshaper-lcm,television with show playing,83,21.641257405281067,5.309133529663086,22.03601929199067,,21.69928103685379,5.576799392700195,23.233595749974484,
dreamshaper-lcm,television with show playing,94,23.213574290275574,5.147356986999512,23.38630845802254,,23.260240256786346,4.887800216674805,27.014586540986784,
dreamshaper-lcm,television with show playing,96,23.212161660194397,4.899972438812256,24.757580875011627,,24.206358194351196,4.948924541473389,22.977801500004716,
dreamshaper-lcm,television with show playing,98,22.555845975875854,5.679276466369629,21.61738795801648,,19.685012102127075,5.994254112243652,22.22128983301809,
dreamshaper-lcm,television with show playing,102,23.10507744550705,4.826614856719971,20.867059334006626,,19.203656911849976,5.35161018371582,22.638996000023326,
dreamshaper-lcm,television with show playing,104,23.973649740219116,5.681519508361816,22.443571999989217,,22.130292654037476,5.321357727050781,22.541563292004867,
dreamshaper-lcm,television with show playing,143,20.20670175552368,5.520599365234375,21.524128124990966,,16.30757600069046,5.894158363342285,23.181250415975228,
dreamshaper-lcm,television with show playing,144,22.923626005649567,5.323626518249512,21.835692833003122,,20.24400383234024,5.2950263023376465,23.895772541989572,
dreamshaper-lcm,television with show playing,146,23.089933395385742,5.397725582122803,21.8077562499966,,22.770588099956512,5.08767557144165,22.83984445797978,
dreamshaper-lcm,television with show playing,151,23.526865243911743,5.0880126953125,21.909890209004516,,21.929898858070374,5.237593650817871,23.14786033402197,
dreamshaper-lcm,television with show playing,196,22.772811353206635,5.141830921173096,21.646377833996667,,24.10474717617035,5.0024943351745605,23.096824542008108,
dreamshaper-lcm,television with show playing,210,23.90858083963394,5.176405906677246,22.731148166989442,,22.250662744045258,5.46610164642334,22.48707795800874,
dreamshaper-lcm,television with show playing,224,25.072568655014038,5.171109676361084,21.05511091699009,,22.651122510433197,5.677577972412109,22.919100583996624,
dreamshaper-lcm,television with show playing,228,23.074522614479065,4.777783393859863,24.332031209021807,,21.986323595046997,5.331107139587402,26.73256729199784,
dreamshaper-lcm,television with show playing,245,22.925667464733124,5.270443916320801,24.014785749983275,,23.105138540267944,5.444180011749268,25.057264041999588,
dreamshaper-lcm,television with show playing,250,22.016170620918274,5.408496856689453,21.300258250004845,,16.368643939495087,5.199016094207764,22.720142166974256,
dreamshaper-lcm,television with show playing,257,22.953863441944122,4.839980602264404,21.67619166598888,,19.1887229681015,5.392491817474365,23.584154250012944,
dreamshaper-lcm,television with show playing,266,25.182238221168518,4.930261611938477,22.90999779201229,,23.585766553878784,5.207538604736328,24.00747516701813,
dreamshaper-lcm,television with show playing,267,22.30282425880432,5.373129844665527,22.732169458002318,,22.173969447612762,5.233463764190674,23.708174958010204,
dreamshaper-lcm,television with show playing,289,23.493751883506775,5.161480903625488,23.352055166993523,,22.75601625442505,5.015761852264404,25.23308099998394,
dreamshaper-lcm,television with show playing,311,23.276260495185852,5.274672508239746,22.383690042013768,,20.25308459997177,5.741886138916016,23.905644042009953,
dreamshaper-lcm,television with show playing,318,24.340835213661194,4.723848342895508,21.80462062501465,,23.768839240074158,5.636054039001465,23.573896833026083,
dreamshaper-lcm,television with show playing,324,23.247188329696655,4.950955390930176,21.088196416996652,,23.14065992832184,5.5326337814331055,22.625662416015984,
dreamshaper-lcm,television with show playing,328,20.88189423084259,5.089725494384766,21.72369612500188,,23.79012107849121,5.298713684082031,22.294884375005495,
dreamshaper-lcm,television with show playing,334,22.31093943119049,5.108867645263672,22.754154541995376,,20.715871453285217,5.237347602844238,24.03326762499637,
dreamshaper-lcm,television with show playing,339,21.53240740299225,4.837651252746582,21.112117958982708,,22.048282623291016,5.135693073272705,24.239059832994826,
dreamshaper-lcm,television with show playing,342,24.502024054527283,4.939085483551025,21.436316333012655,,21.51438295841217,5.351169109344482,23.63649491700926,
dreamshaper-lcm,television with show playing,363,21.089011430740356,5.561924934387207,22.57967162501882,,21.627432107925415,5.5540971755981445,22.982593833003193,
dreamshaper-lcm,television with show playing,367,24.34311956167221,5.442924976348877,22.152134667005157,,20.818006992340088,5.208620548248291,24.060211625008378,
dreamshaper-lcm,television with show playing,395,21.221555769443512,5.412957668304443,21.06105191700044,,22.638118267059326,5.666231632232666,22.80965591702261,
dreamshaper-lcm,television with show playing,409,22.87786453962326,5.31132173538208,21.26334079101798,,21.840064227581024,5.3666486740112305,22.783541665994562,
dreamshaper-lcm,television with show playing,415,22.623755037784576,5.813738822937012,22.951483333978103,,21.005764603614807,5.394906520843506,25.222245957993437,
dreamshaper-lcm,television with show playing,431,21.410173177719116,5.447935104370117,25.638075374998152,,22.4753201007843,5.752645015716553,29.40190349999466,
dreamshaper-lcm,television with show playing,445,23.436804115772247,5.550093650817871,33.65235591700184,,22.19131737947464,5.478843688964844,31.17686695800512,
dreamshaper-lcm,television with show playing,454,22.898536920547485,5.332493782043457,32.54404991699266,,20.817837119102478,5.832109451293945,57.30562704100157,
dreamshaper-lcm,television with show playing,459,21.97851836681366,4.976243495941162,23250.682765332982,,23.547828197479248,5.048923492431641,80.2926463750191,
dreamshaper-lcm,television with show playing,484,21.561282873153687,5.093920707702637,43.03788470898871,,22.847074270248413,4.6005353927612305,39.6885452499846,
dreamshaper-lcm,television with show playing,489,23.60985428094864,5.180242538452148,55.197946208994836,,22.776135802268982,5.483262062072754,53.55563062499277,
dreamshaper-lcm,television with show playing,498,21.63524329662323,5.167983531951904,42.902864208008396,,24.07447099685669,5.154847145080566,39.15512820897857,
dreamshaper-lcm,television with show playing,506,22.33436554670334,5.2176713943481445,31.71410816599382,,20.665892958641052,5.345588684082031,33.35807929202565,
dreamshaper-lcm,television with show playing,517,23.22746217250824,4.917778491973877,34.82502374998876,,21.47868573665619,5.47894287109375,37.43341779199545,
dreamshaper-lcm,television with show playing,521,22.981835901737213,4.962026119232178,36.24752891701064,,18.808093667030334,6.281528472900391,31.86052220800775,
dreamshaper-lcm,television with show playing,524,19.18254792690277,6.118358612060547,29.556308916013222,,19.233913719654083,5.907904148101807,32.465403707989026,
dreamshaper-lcm,television with show playing,534,25.538915395736694,5.62722110748291,32.7312745420204,,23.719747364521027,5.974549293518066,35.94625683297636,
dreamshaper-lcm,television with show playing,546,22.445717453956604,5.2506866455078125,66.996866957983,,21.27944380044937,5.412392616271973,53.08568508300232,
dreamshaper-lcm,television with show playing,557,25.001543760299683,5.137829303741455,29.608756375004305,,20.363301038742065,5.665099143981934,33.316474874998676,
dreamshaper-lcm,television with show playing,562,21.693862974643707,5.592826843261719,30.340068291989155,,20.870313048362732,5.415789604187012,31.286640166013967,
dreamshaper-lcm,television with show playing,566,24.1551473736763,5.096122741699219,32.23886308298097,,21.214357018470764,5.452439785003662,34.07999504200416,
dreamshaper-lcm,television with show playing,574,24.31972771883011,4.993715286254883,29.252663291990757,,20.95862179994583,5.589242935180664,32.00724687500042,
dreamshaper-lcm,television with show playing,582,22.113528847694397,5.2209367752075195,29.871548499999335,,21.551217138767242,5.406914710998535,32.99880366699654,
dreamshaper-lcm,television with show playing,598,22.175365686416626,5.4648566246032715,29.893596625013743,,19.69684064388275,5.4651031494140625,28.731188999983715,
dreamshaper-lcm,television with show playing,617,22.73876518011093,4.92338228225708,30.784023291023914,,22.425517439842224,4.855792045593262,32.71678899999824,
dreamshaper-lcm,television with show playing,626,21.49813026189804,5.295580863952637,29.91255233398988,,22.135832905769348,5.095667839050293,30.953228875005152,
dreamshaper-lcm,television with show playing,627,22.228895127773285,5.262901306152344,29.660614250024082,,20.256415009498596,5.409732818603516,30.769361125014257,
dreamshaper-lcm,television with show playing,634,23.373420536518097,5.087129592895508,28.371152500010794,,22.18800187110901,5.632040977478027,30.109310917003313,
dreamshaper-lcm,television with show playing,641,21.915310621261597,5.2770538330078125,29.83840558299562,,20.83297371864319,5.184813976287842,30.596371874999022,
dreamshaper-lcm,television with show playing,656,22.434985637664795,5.3148193359375,28.56310520900297,,23.35696518421173,5.261445999145508,31.601765416999115,
dreamshaper-lcm,television with show playing,685,20.682017505168915,5.356254577636719,29.438621666980907,,20.523007214069366,5.721461772918701,30.669875833991682,
dreamshaper-lcm,television with show playing,701,22.484971582889557,5.225057601928711,31.21784925000975,,22.818902134895325,4.911736965179443,30.251605875004316,
dreamshaper-lcm,television with show playing,721,21.75329178571701,5.213340759277344,29.977400208008476,,20.581088960170746,5.172616958618164,30.718353832984576,
dreamshaper-lcm,television with show playing,723,22.750313580036163,4.817294120788574,29.79873587502516,,22.53340780735016,5.14399528503418,31.665734250011155,
dreamshaper-lcm,television with show playing,728,22.478105127811432,5.112085342407227,30.72853987501003,,23.875223100185394,5.3231120109558105,31.434024500020314,
dreamshaper-lcm,television with show playing,737,22.30389267206192,5.467892169952393,28.763879416015698,,22.068671882152557,5.669297218322754,33.97891733300639,
dreamshaper-lcm,television with show playing,748,22.734493017196655,5.2303876876831055,72.81480562497745,,18.055692315101624,5.8493475914001465,36.70706337498268,
dreamshaper-lcm,television with show playing,774,21.857264637947083,5.309791564941406,33.00937637500465,,22.0800518989563,5.201385498046875,36.03042574998108,
dreamshaper-lcm,television with show playing,777,23.582780361175537,5.274889945983887,34.86699383400264,,22.08486497402191,5.202590465545654,38.79309808299877,
dreamshaper-lcm,television with show playing,803,21.374785900115967,5.018374443054199,37.27818316599587,,19.963836669921875,5.398648262023926,40.89886466701864,
dreamshaper-lcm,television with show playing,804,23.354291915893555,4.214677333831787,41.833526166999945,,21.73885703086853,4.802767753601074,42.380876541981706,
dreamshaper-lcm,television with show playing,819,23.793572187423706,5.127854347229004,38.704804666980635,,21.295341849327087,5.115778923034668,40.314771749981446,
dreamshaper-lcm,television with show playing,823,23.51287305355072,5.418598651885986,42.06786983300117,,21.799342334270477,5.507690906524658,39.76173245799146,
dreamshaper-lcm,television with show playing,825,21.08333259820938,5.641951560974121,38.38071487500565,,19.771546125411987,5.5054755210876465,41.00894437497482,
dreamshaper-lcm,television with show playing,830,23.845356702804565,4.89851713180542,33.07500245800475,,21.46996259689331,5.348485946655273,36.91383545799181,
dreamshaper-lcm,television with show playing,845,21.910330653190613,5.357059001922607,36.58212454098975,,22.595302760601044,5.677306175231934,36.17083279200597,
dreamshaper-lcm,television with show playing,848,24.349550902843475,5.050930500030518,34.84535745801986,,21.106277406215668,5.019806861877441,36.60162787500303,
dreamshaper-lcm,television with show playing,850,23.532526195049286,5.429389476776123,33.50272800002131,,16.713547706604004,6.026574611663818,36.798208042018814,
dreamshaper-lcm,television with show playing,861,21.840064227581024,5.400824069976807,35.070699625008274,,22.298404574394226,5.672789573669434,37.932088166999165,
dreamshaper-lcm,television with show playing,865,22.455979883670807,5.336025238037109,32.471960084018065,,22.03173339366913,4.89031457901001,33.55797020898899,
dreamshaper-lcm,television with show playing,871,22.478486597537994,5.127530574798584,32.712128082988784,,20.651164650917053,5.365558624267578,34.02291283401428,
dreamshaper-lcm,television with show playing,887,22.50220775604248,5.247079849243164,33.0071933750005,,22.190633416175842,5.786242485046387,34.626095249986975,
dreamshaper-lcm,television with show playing,889,22.979478538036346,5.359601974487305,33.65442574999179,,22.30212688446045,5.40598201751709,35.59110854100436,
dreamshaper-lcm,television with show playing,892,21.393832564353943,4.953954219818115,32.7543345830054,,21.119463443756104,5.483753681182861,34.41331429200363,
dreamshaper-lcm,television with show playing,897,23.410308361053467,4.961627006530762,33.80520879200776,,22.509217262268066,5.897098541259766,33.73541866699816,
dreamshaper-lcm,television with show playing,910,22.331248223781586,5.239431858062744,32.3626868329884,,21.099182963371277,5.449193954467773,33.44906616699882,
dreamshaper-lcm,television with show playing,912,24.03518259525299,5.578374862670898,33.77752324999892,,21.640115976333618,5.527854919433594,36.04934241701267,
dreamshaper-lcm,television with show playing,914,23.538348078727722,5.373907566070557,33.50057674999698,,19.833247363567352,5.37728214263916,35.14901279102196,
dreamshaper-lcm,television with show playing,921,24.081653356552124,5.256734848022461,33.85186437499942,,23.87547194957733,5.247868537902832,34.21910120800021,
dreamshaper-lcm,television with show playing,924,21.6297447681427,5.164957523345947,31.91526112498832,,24.393214285373688,5.512744426727295,33.22861199997715,
dreamshaper-lcm,television with show playing,930,22.761231660842896,5.03376579284668,32.00154037500033,,23.29411506652832,5.047725200653076,38.06040924999979,
dreamshaper-lcm,television with show playing,932,24.803513288497925,4.52725076675415,32.364989624999,,18.31171065568924,5.743740081787109,33.0443717080052,
dreamshaper-lcm,television with show playing,935,23.247841000556946,4.963869571685791,32.607874332985375,,19.435136020183563,5.492109298706055,31.465358708024723,
dreamshaper-lcm,television with show playing,941,21.45068049430847,5.1877055168151855,31.206751207995694,,21.247832477092743,5.446211338043213,33.4330544580007,
dreamshaper-lcm,television with show playing,961,20.769798755645752,5.1900177001953125,29.43516458402155,,18.850436806678772,5.4535017013549805,34.96125079199555,
dreamshaper-lcm,television with show playing,985,20.88630348443985,5.230609893798828,32.44436650001444,,21.92396968603134,5.586544036865234,32.91542779101292,
dreamshaper-lcm,television with show playing,989,22.46013730764389,5.023797512054443,30.71822358298232,,22.139686346054077,5.6007561683654785,35.092199582984904,
