model_key,prompt,seed,clip_score,aesthetic_score,latency_s,image_path
sd-turbo,car,2,20.389685034751892,5.7552995681762695,3.9495976670004893,/Users/kevingeng07/Reffusion Project/benchmark/output/images/sd-turbo/car/seed_2.png
sd-turbo,car,15,19.406478106975555,6.279304504394531,3.881369624999934,/Users/kevingeng07/Reffusion Project/benchmark/output/images/sd-turbo/car/seed_15.png
sd-turbo,car,42,20.92672288417816,5.789544105529785,3.328087374997267,/Users/kevingeng07/Reffusion Project/benchmark/output/images/sd-turbo/car/seed_42.png
sd-turbo,car,64,16.22823476791382,5.589133262634277,3.25374612500309,/Users/kevingeng07/Reffusion Project/benchmark/output/images/sd-turbo/car/seed_64.png
sd-turbo,car,65,14.796680212020874,6.037729740142822,3.166955375003454,/Users/kevingeng07/Reffusion Project/benchmark/output/images/sd-turbo/car/seed_65.png
sd-turbo,car,76,23.966823518276215,5.358034133911133,3.2194545829988783,
sd-turbo,car,83,18.353474140167236,6.387024879455566,3.1951360410021152,
sd-turbo,car,94,18.417145311832428,6.2360429763793945,3.176100208002026,
sd-turbo,car,96,21.0185706615448,6.7123589515686035,3.2188880829999107,
sd-turbo,car,98,16.281971335411072,6.30006217956543,3.3269847919946187,
sd-turbo,car,102,16.702555119991302,5.720700263977051,5.680446833001042,
sd-turbo,car,104,21.134869754314423,6.212502479553223,4.323331792002136,
sd-turbo,car,143,19.685491919517517,5.744452953338623,5.294645208996371,
sd-turbo,car,144,14.839038252830505,5.833227157592773,5.695299999999406,
sd-turbo,car,146,20.437970757484436,5.713476181030273,6.157143582997378,
sd-turbo,car,151,17.6410049200058,5.624285697937012,5.100381958000071,
sd-turbo,car,196,17.286938428878784,5.750520706176758,5.612763500001165,
sd-turbo,car,210,17.383812367916107,5.867204666137695,5.4140275419995305,
sd-turbo,car,224,19.856899976730347,5.755435466766357,4.461638791995938,
sd-turbo,car,228,19.493180513381958,5.849788665771484,4.518884874996729,
sd-turbo,car,245,19.15765106678009,5.583918571472168,5.595750667001994,
sd-turbo,car,250,20.03016024827957,5.7729105949401855,135.02767549999407,
sd-turbo,car,257,19.091030955314636,5.422752380371094,4.269129332999,
sd-turbo,car,266,19.864089787006378,6.1790266036987305,3.2439423329997226,
sd-turbo,car,267,20.424866676330566,6.199393272399902,3.827420624998922,
sd-turbo,car,289,22.752292454242706,4.8666768074035645,4.29953020800167,
sd-turbo,car,311,19.277264177799225,5.304563522338867,4.471808958995098,
sd-turbo,car,318,21.199803054332733,5.651642799377441,4.597951624993584,
sd-turbo,car,324,16.40278398990631,5.824040412902832,3.275510874998872,
sd-turbo,car,328,21.18474543094635,5.982373237609863,3.4420909999971627,
sd-turbo,car,334,19.43916082382202,5.391422271728516,3.661535167004331,
sd-turbo,car,339,23.169827461242676,6.111253261566162,3.4101183750026394,
sd-turbo,car,342,15.299203991889954,6.003201484680176,3.4330626249939087,
sd-turbo,car,363,21.452096104621887,5.200920104980469,3.3818735419990844,
sd-turbo,car,367,14.584964513778687,5.575806140899658,3.148467749997508,
sd-turbo,car,395,17.880669236183167,5.5839691162109375,3.2558747090006364,
sd-turbo,car,409,21.332013607025146,5.420854568481445,3.248965875005524,
sd-turbo,car,415,18.237614631652832,5.534891605377197,3.333050916000502,
sd-turbo,car,431,12.857618927955627,5.440794944763184,3.4715798329998506,
sd-turbo,car,445,18.90195906162262,5.830172061920166,3.1991407079985947,
sd-turbo,car,454,18.465621769428253,6.535031318664551,3.1570469590005814,
sd-turbo,car,459,17.506983876228333,5.609251976013184,3.2496167909994256,
sd-turbo,car,484,17.644205689430237,5.799604415893555,3.2095166250001057,
sd-turbo,car,489,20.14957368373871,5.593516826629639,3.362085417000344,
sd-turbo,car,498,21.0500568151474,6.2287278175354,3.1531347909985925,
sd-turbo,car,506,21.32304012775421,6.502004623413086,3.1963844589990913,
sd-turbo,car,517,18.522711098194122,5.784700870513916,3.2241562499984866,
sd-turbo,car,521,16.636647284030914,6.2798542976379395,3.167927332993713,
sd-turbo,car,524,19.809898734092712,5.054823875427246,3.201148166001076,
sd-turbo,car,534,19.22246664762497,6.096126556396484,3.188125874999969,
sd-turbo,car,546,17.770923674106598,5.80794620513916,3.239967749999778,
sd-turbo,car,557,19.14837956428528,5.459846496582031,3.202843250001024,
sd-turbo,car,562,16.891352832317352,5.945366859436035,3.1924326670050505,
sd-turbo,car,566,18.511390686035156,5.812532424926758,3.2054523749975488,
sd-turbo,car,574,17.044956982135773,5.868369102478027,3.219578417003504,
sd-turbo,car,582,21.307507157325745,4.97722864151001,3.228033499995945,
sd-turbo,car,598,18.022266030311584,5.999563217163086,3.1922648749969085,
sd-turbo,car,617,21.86489999294281,5.814486026763916,3.1989749999993364,
sd-turbo,car,626,17.744633555412292,6.410975456237793,3.1952730830016662,
sd-turbo,car,627,11.603277921676636,5.7191057205200195,3.2061989580033696,
sd-turbo,car,634,20.925994217395782,5.821500301361084,3.204599374999816,
sd-turbo,car,641,20.581655204296112,5.641607284545898,3.192106959002558,
sd-turbo,car,656,14.289478957653046,5.561539649963379,3.196878041999298,
sd-turbo,car,685,25.521624088287354,5.980465412139893,3.189160416004597,
sd-turbo,car,701,19.894148409366608,6.52601957321167,3.2026571669994155,
sd-turbo,car,721,23.396191000938416,5.722908020019531,3.2295902499972726,
sd-turbo,car,723,17.541074752807617,5.70424747467041,3.287640000002284,
sd-turbo,car,728,15.435154736042023,5.759003639221191,3.2124879580005654,
sd-turbo,car,737,18.36288571357727,6.485622406005859,3.2148719580000034,
sd-turbo,car,748,20.968468487262726,4.747547626495361,3.2326062499996624,
sd-turbo,car,774,16.391916573047638,6.135916233062744,3.213200958001835,
sd-turbo,car,777,17.32775568962097,4.7843918800354,3.1928580829990096,
sd-turbo,car,803,18.117251992225647,6.1914167404174805,3.219218332997116,
sd-turbo,car,804,17.397215962409973,6.4164557456970215,3.1947450829975423,
sd-turbo,car,819,17.891505360603333,6.011716365814209,3.1760107919981238,
sd-turbo,car,823,16.93360060453415,5.643246650695801,3.201392916002078,
sd-turbo,car,825,17.146365344524384,5.3893938064575195,3.2106947919965023,
sd-turbo,car,830,20.509424805641174,5.538629531860352,3.2050046250005835,
sd-turbo,car,845,18.057872354984283,5.251408576965332,3.207919916996616,
sd-turbo,car,848,20.83051949739456,5.200294494628906,3.2193894589945558,
sd-turbo,car,850,20.57380974292755,5.9409894943237305,3.179296540998621,
sd-turbo,car,861,19.611963629722595,5.8419342041015625,3.2271387920045527,
sd-turbo,car,865,23.060372471809387,5.281776428222656,3.209107167000184,
sd-turbo,car,871,20.004160702228546,5.724863052368164,3.186187125000288,
sd-turbo,car,887,16.854415833950043,6.239672660827637,3.2099277090019314,
sd-turbo,car,889,19.150592386722565,5.7120280265808105,3.3415736250026384,
sd-turbo,car,892,13.672122359275818,5.674862384796143,3.296097832993837,
sd-turbo,car,897,20.582258701324463,4.364877700805664,3.1747924170049373,
sd-turbo,car,910,21.28065824508667,5.871393203735352,3.2251866669976152,
sd-turbo,car,912,19.262616336345673,5.928731918334961,4.033122083994385,
sd-turbo,car,914,17.34119802713394,6.056301116943359,4.7041969999991124,
sd-turbo,car,921,18.364469707012177,5.888384819030762,4.119343916994694,
sd-turbo,car,924,20.254673063755035,6.093498706817627,3.5906128749993513,
sd-turbo,car,930,19.238924980163574,6.036258220672607,3.9668205409980146,
sd-turbo,car,932,21.953870356082916,5.844654083251953,4.248364874998515,
sd-turbo,car,935,20.84449827671051,5.322018623352051,4.452825542000937,
sd-turbo,car,941,17.826108634471893,5.915500640869141,3.4287074169988045,
sd-turbo,car,961,23.301485180854797,5.268551349639893,4.836251957996865,
sd-turbo,car,985,20.80855667591095,6.1585693359375,3.19357287499588,
sd-turbo,car,989,19.00440901517868,5.859493732452393,3.7247277080023196,
sd-turbo,caucasian male,2,22.96217381954193,6.6561408042907715,4.473471833000076,/Users/kevingeng07/Reffusion Project/benchmark/output/images/sd-turbo/caucasian-male/seed_2.png
sd-turbo,caucasian male,15,22.04165607690811,7.055314064025879,3.8546554170025047,/Users/kevingeng07/Reffusion Project/benchmark/output/images/sd-turbo/caucasian-male/seed_15.png
sd-turbo,caucasian male,42,19.639283418655396,6.804245948791504,3.4517185000004247,/Users/kevingeng07/Reffusion Project/benchmark/output/images/sd-turbo/caucasian-male/seed_42.png
sd-turbo,caucasian male,64,20.31148225069046,5.928343772888184,3.406715167002403,/Users/kevingeng07/Reffusion Project/benchmark/output/images/sd-turbo/caucasian-male/seed_64.png
sd-turbo,caucasian male,65,24.42385107278824,6.242600440979004,4.643499541001802,/Users/kevingeng07/Reffusion Project/benchmark/output/images/sd-turbo/caucasian-male/seed_65.png
sd-turbo,caucasian male,76,23.41236174106598,7.0531134605407715,3.955293332997826,
sd-turbo,caucasian male,83,23.18289875984192,6.870380401611328,3.3292185839964077,
sd-turbo,caucasian male,94,23.446519672870636,6.610877990722656,3.2207075409969548,
sd-turbo,caucasian male,96,21.63931429386139,6.778979301452637,3.313218624993169,
sd-turbo,caucasian male,98,23.509889841079712,6.650223731994629,3.243519000003289,
sd-turbo,caucasian male,102,21.926042437553406,6.225009441375732,3.2527601670008153,
sd-turbo,caucasian male,104,22.40585833787918,6.354788303375244,3.282928833999904,
sd-turbo,caucasian male,143,24.755829572677612,7.044654846191406,3.2477239159998135,
sd-turbo,caucasian male,144,24.060580134391785,6.268223762512207,3.2978469579975354,
sd-turbo,caucasian male,146,25.14016628265381,6.3214216232299805,3.3750073749979492,
sd-turbo,caucasian male,151,26.921051740646362,6.474472522735596,3.2651157080035773,
sd-turbo,caucasian male,196,24.938751757144928,5.894411563873291,3.3583652500019525,
sd-turbo,caucasian male,210,20.707979798316956,6.574470520019531,3.3041984169976786,
sd-turbo,caucasian male,224,22.239288687705994,6.282068252563477,3.267847000002803,
sd-turbo,caucasian male,228,22.22859561443329,6.689910411834717,3.2653223340021214,
sd-turbo,caucasian male,245,20.181918144226074,5.863805770874023,3.279719792000833,
sd-turbo,caucasian male,250,21.57474160194397,6.418855667114258,3.324328417002107,
sd-turbo,caucasian male,257,20.58981955051422,6.424962997436523,3.2486994999999297,
sd-turbo,caucasian male,266,22.201523184776306,5.736863136291504,3.2663434999994934,
sd-turbo,caucasian male,267,23.74628186225891,6.708827972412109,3.2461359170047217,
sd-turbo,caucasian male,289,24.23557937145233,7.027724742889404,3.2402102499981993,
sd-turbo,caucasian male,311,20.17587721347809,6.272717475891113,3.2759061670003575,
sd-turbo,caucasian male,318,23.84333312511444,6.777400493621826,3.269690790999448,
sd-turbo,caucasian male,324,23.215165734291077,6.0009379386901855,3.2652755419985624,
sd-turbo,caucasian male,328,23.621393740177155,6.321445941925049,3.278391540996381,
sd-turbo,caucasian male,334,24.932576715946198,5.8162384033203125,3.259614499998861,
sd-turbo,caucasian male,339,19.822877645492554,6.889763355255127,3.267510666999442,
sd-turbo,caucasian male,342,24.45298731327057,6.623666763305664,3.3047718329980853,
sd-turbo,caucasian male,363,25.247016549110413,6.729036331176758,3.2552418330014916,
sd-turbo,caucasian male,367,23.16209375858307,6.709298610687256,3.2546645420006826,
sd-turbo,caucasian male,395,20.075464248657227,6.8492841720581055,3.3843345410059555,
sd-turbo,caucasian male,409,22.48557060956955,6.100578308105469,3.2355433750053635,
sd-turbo,caucasian male,415,25.37015974521637,6.465147972106934,3.2701096669989056,
sd-turbo,caucasian male,431,24.02191013097763,6.12336540222168,3.2602571669995086,
sd-turbo,caucasian male,445,23.534482717514038,6.398885726928711,3.2557646249988466,
sd-turbo,caucasian male,454,24.147243797779083,6.404228210449219,3.260561625000264,
sd-turbo,caucasian male,459,27.437061071395874,6.191339492797852,3.260039875000075,
sd-turbo,caucasian male,484,21.811750531196594,6.683623313903809,3.2450780420040246,
sd-turbo,caucasian male,489,24.91704225540161,6.456998825073242,3.2877500419999706,
sd-turbo,caucasian male,498,26.27491056919098,5.901783466339111,3.2687691250030184,
sd-turbo,caucasian male,506,23.61834943294525,6.08192777633667,3.2634052080029505,
sd-turbo,caucasian male,517,24.94811862707138,6.778063774108887,3.2773603340028785,
sd-turbo,caucasian male,521,19.441434741020203,6.059692859649658,3.262739915997372,
sd-turbo,caucasian male,524,26.445847749710083,6.023448944091797,3.286579209001502,
sd-turbo,caucasian male,534,21.17348611354828,6.849432945251465,3.242553415999282,
sd-turbo,caucasian male,546,21.67583256959915,6.484078407287598,3.3327242500017746,
sd-turbo,caucasian male,557,21.30703181028366,7.015137672424316,3.2779700000028242,
sd-turbo,caucasian male,562,23.24940264225006,6.62412166595459,3.265858999999182,
sd-turbo,caucasian male,566,24.611705541610718,6.861477851867676,3.2728244160025497,
sd-turbo,caucasian male,574,20.3687384724617,7.039459228515625,3.295690334001847,
sd-turbo,caucasian male,582,22.616884112358093,6.894383907318115,3.290271000005305,
sd-turbo,caucasian male,598,21.05902135372162,6.38291072845459,3.2809642080028425,
sd-turbo,caucasian male,617,23.054613173007965,6.228753089904785,3.2648962499952177,
sd-turbo,caucasian male,626,25.616860389709473,6.7150421142578125,3.3220220410003094,
sd-turbo,caucasian male,627,23.19951206445694,6.251029014587402,3.2646950839989586,
sd-turbo,caucasian male,634,23.177921772003174,5.970975875854492,3.2971174999984214,
sd-turbo,caucasian male,641,22.211411595344543,7.059926986694336,3.283701125001244,
sd-turbo,caucasian male,656,20.322540402412415,6.341639995574951,3.317398500003037,
sd-turbo,caucasian male,685,21.534153819084167,6.703797817230225,3.357615375003661,
sd-turbo,caucasian male,701,20.17265111207962,6.578075408935547,3.4640866660047323,
sd-turbo,caucasian male,721,23.549292981624603,6.210541725158691,3.3015840410007513,
sd-turbo,caucasian male,723,26.96349024772644,6.209015846252441,3.3925404160036123,
sd-turbo,caucasian male,728,24.277478456497192,6.43817663192749,3.32727149999846,
sd-turbo,caucasian male,737,22.89511114358902,6.382090091705322,3.273310083000979,
sd-turbo,caucasian male,748,24.56865906715393,6.436471939086914,3.3010857080007554,
sd-turbo,caucasian male,774,24.641752243041992,6.823550224304199,3.2695383750033216,
sd-turbo,caucasian male,777,19.516289234161377,6.176239013671875,3.3026585830011754,
sd-turbo,caucasian male,803,22.94461876153946,5.769372463226318,3.328231333005533,
sd-turbo,caucasian male,804,22.284536063671112,6.974519729614258,3.276614458001859,
sd-turbo,caucasian male,819,23.17708730697632,6.756226539611816,3.278818709004554,
sd-turbo,caucasian male,823,23.67004156112671,6.805109024047852,3.287828291999176,
sd-turbo,caucasian male,825,20.55610567331314,6.217090606689453,3.254357292003988,
sd-turbo,caucasian male,830,23.286356031894684,6.665974140167236,3.335397583003214,
sd-turbo,caucasian male,845,22.704195976257324,6.332147598266602,3.332711584000208,
sd-turbo,caucasian male,848,21.384288370609283,6.483315944671631,3.277782874996774,
sd-turbo,caucasian male,850,22.457878291606903,6.803820610046387,3.272759291001421,
sd-turbo,caucasian male,861,24.741709232330322,6.810774326324463,3.283901082999364,
sd-turbo,caucasian male,865,22.697609663009644,5.765994071960449,3.691078290998121,
sd-turbo,caucasian male,871,23.078998923301697,6.805655002593994,3.156189165994874,
sd-turbo,caucasian male,887,24.397797882556915,6.921545028686523,3.3088074999977835,
sd-turbo,caucasian male,889,23.76759797334671,7.138719081878662,3.296309332996316,
sd-turbo,caucasian male,892,22.361662983894348,6.688956260681152,3.2913760419978644,
sd-turbo,caucasian male,897,21.47400975227356,6.334929943084717,3.279987792004249,
sd-turbo,caucasian male,910,22.917957603931427,6.41402530670166,3.333957791001012,
sd-turbo,caucasian male,912,25.06018877029419,6.697850704193115,3.3286861250016955,
sd-turbo,caucasian male,914,22.550906240940094,6.380561351776123,3.2954975419997936,
sd-turbo,caucasian male,921,20.878198742866516,6.33526611328125,3.267838666004536,
sd-turbo,caucasian male,924,24.39049333333969,6.010494709014893,3.28368358300213,
sd-turbo,caucasian male,930,23.17933589220047,6.462302207946777,3.3088474579999456,
sd-turbo,caucasian male,932,21.895694732666016,6.928642272949219,3.2858111250025104,
sd-turbo,caucasian male,935,20.608162879943848,5.952604293823242,3.2619699589995435,
sd-turbo,caucasian male,941,26.373305916786194,6.8037519454956055,3.296188207998057,
sd-turbo,caucasian male,961,25.03434121608734,6.938371658325195,3.3046378340004594,
sd-turbo,caucasian male,985,21.76782190799713,6.309912204742432,3.2907728330028476,
sd-turbo,caucasian male,989,22.86854088306427,6.445342063903809,3.2720031670032768,
sd-turbo,city landscape,2,23.91827702522278,6.378628253936768,3.4134253329975763,/Users/kevingeng07/Reffusion Project/benchmark/output/images/sd-turbo/city-landscape/seed_2.png
sd-turbo,city landscape,15,24.123086035251617,6.202279090881348,3.1010997500052326,/Users/kevingeng07/Reffusion Project/benchmark/output/images/sd-turbo/city-landscape/seed_15.png
sd-turbo,city landscape,42,25.6280779838562,6.274004936218262,3.242597415999626,/Users/kevingeng07/Reffusion Project/benchmark/output/images/sd-turbo/city-landscape/seed_42.png
sd-turbo,city landscape,64,24.563011527061462,6.037713527679443,3.237736417002452,/Users/kevingeng07/Reffusion Project/benchmark/output/images/sd-turbo/city-landscape/seed_64.png
sd-turbo,city landscape,65,25.854188203811646,6.474281311035156,3.2524237079996965,/Users/kevingeng07/Reffusion Project/benchmark/output/images/sd-turbo/city-landscape/seed_65.png
sd-turbo,city landscape,76,21.869109570980072,5.863748550415039,3.4704410000049393,
sd-turbo,city landscape,83,22.562623023986816,6.134771347045898,3.2082147909968626,
sd-turbo,city landscape,94,22.86638915538788,6.293350696563721,3.273691916001553,
sd-turbo,city landscape,96,23.959389328956604,6.0582404136657715,3.2629174579997198,
sd-turbo,city landscape,98,22.898022830486298,6.356629371643066,3.2724383340028,
sd-turbo,city landscape,102,25.002741813659668,6.130679607391357,3.2980097079998814,
sd-turbo,city landscape,104,24.490347504615784,6.358762741088867,3.24163329199655,
sd-turbo,city landscape,143,23.6952543258667,6.172914505004883,3.24441195899999,
sd-turbo,city landscape,144,22.77025878429413,6.4241557121276855,3.396347333000449,
sd-turbo,city landscape,146,21.370986104011536,6.0723772048950195,3.2413232079998124,
sd-turbo,city landscape,151,23.158687353134155,5.756275653839111,3.257845874999475,
sd-turbo,city landscape,196,24.466900527477264,5.543020725250244,3.252916624995123,
sd-turbo,city landscape,210,24.328511953353882,6.080671310424805,3.2314364170015324,
sd-turbo,city landscape,224,21.04557752609253,6.240455627441406,3.241285042000527,
sd-turbo,city landscape,228,23.60749840736389,6.389636993408203,3.2554374169994844,
sd-turbo,city landscape,245,23.59955757856369,5.937859535217285,3.235957958000654,
sd-turbo,city landscape,250,23.37522804737091,6.173083782196045,3.2709822910037474,
sd-turbo,city landscape,257,20.702174305915833,6.148700714111328,3.2581017920019804,
sd-turbo,city landscape,266,23.914484679698944,5.945091247558594,3.2564114999986487,
sd-turbo,city landscape,267,23.004664480686188,6.288195610046387,3.27015808300348,
sd-turbo,city landscape,289,24.690215289592743,5.837803840637207,3.2520650000005844,
sd-turbo,city landscape,311,22.174803912639618,5.717661380767822,3.2579321660014102,
sd-turbo,city landscape,318,23.658673465251923,5.613735675811768,3.2556899580013123,
sd-turbo,city landscape,324,24.343818426132202,5.766366481781006,3.265732708001451,
sd-turbo,city landscape,328,23.970872163772583,6.056602478027344,3.2603535419984837,
sd-turbo,city landscape,334,22.345152497291565,5.903279781341553,3.288278291998722,
sd-turbo,city landscape,339,24.62603896856308,6.353215217590332,3.2447353750030743,
sd-turbo,city landscape,342,22.54706621170044,6.500554084777832,3.269174375003786,
sd-turbo,city landscape,363,20.49577087163925,6.231900215148926,3.2625635000003967,
sd-turbo,city landscape,367,26.621732115745544,6.491367816925049,3.2405362499994226,
sd-turbo,city landscape,395,22.787946462631226,5.523895263671875,3.2804224580031587,
sd-turbo,city landscape,409,23.104697465896606,6.5750732421875,3.26429916699999,
sd-turbo,city landscape,415,21.57408595085144,5.922774314880371,3.2593543749972014,
sd-turbo,city landscape,431,23.18611592054367,6.082559108734131,3.248635624993767,
sd-turbo,city landscape,445,22.596368193626404,5.6569108963012695,3.261249625000346,
sd-turbo,city landscape,454,23.509028553962708,6.479260444641113,3.2810672919949866,
sd-turbo,city landscape,459,23.587539792060852,6.462698936462402,3.2640315420067054,
sd-turbo,city landscape,484,23.66188019514084,6.374075889587402,3.2719323339988478,
sd-turbo,city landscape,489,21.516475081443787,6.420815944671631,3.241320082997845,
sd-turbo,city landscape,498,24.28623139858246,6.021303653717041,3.358683625003323,
sd-turbo,city landscape,506,25.518500804901123,6.258508682250977,3.2860069170055795,
sd-turbo,city landscape,517,20.228052139282227,5.781497955322266,3.2737158329982776,
sd-turbo,city landscape,521,22.238466143608093,6.068721294403076,3.2690012080056476,
sd-turbo,city landscape,524,23.07523936033249,5.922048091888428,3.2970595829974627,
sd-turbo,city landscape,534,22.769448161125183,6.734185218811035,3.2572250829980476,
sd-turbo,city landscape,546,25.219571590423584,6.432514190673828,3.2835989160012105,
sd-turbo,city landscape,557,23.988287150859833,6.128944396972656,3.2736491249961546,
sd-turbo,city landscape,562,24.091026186943054,5.536401748657227,3.2598397500041756,
sd-turbo,city landscape,566,24.28607940673828,6.390666961669922,3.3105289169980097,
sd-turbo,city landscape,574,23.999594151973724,6.196413040161133,3.273363333006273,
sd-turbo,city landscape,582,23.596161603927612,6.188825607299805,3.5732672500016633,
sd-turbo,city landscape,598,25.70263147354126,6.188601016998291,3.2556497500045225,
sd-turbo,city landscape,617,27.349817752838135,5.972199440002441,3.2818065000028582,
sd-turbo,city landscape,626,22.89409637451172,6.3488664627075195,3.2806558750016848,
sd-turbo,city landscape,627,21.97285145521164,6.5454607009887695,3.2685972079998464,
sd-turbo,city landscape,634,25.383847951889038,5.975935935974121,3.276416542001243,
sd-turbo,city landscape,641,25.238963961601257,5.9181365966796875,3.269051999996009,
sd-turbo,city landscape,656,21.187259256839752,5.778985023498535,3.270031708998431,
sd-turbo,city landscape,685,25.34753382205963,6.140290260314941,3.2873997089991462,
sd-turbo,city landscape,701,25.364449620246887,6.107665061950684,3.3010497089999262,
sd-turbo,city landscape,721,23.197442293167114,6.827663421630859,3.2664516250006272,
sd-turbo,city landscape,723,23.22688400745392,6.375097274780273,3.2779197079944424,
sd-turbo,city landscape,728,23.744982481002808,6.533457279205322,3.3418630410014885,
sd-turbo,city landscape,737,23.84318709373474,5.842642307281494,3.3303741659983643,
sd-turbo,city landscape,748,24.2769718170166,6.184964656829834,3.284369292006886,
sd-turbo,city landscape,774,22.456544637680054,6.648684501647949,3.3126467500042054,
sd-turbo,city landscape,777,23.457373678684235,6.314477920532227,3.335076833005587,
sd-turbo,city landscape,803,24.352863430976868,6.150816917419434,3.2681952499988256,
sd-turbo,city landscape,804,24.14478063583374,6.438122749328613,3.259815833000175,
sd-turbo,city landscape,819,22.870536148548126,6.567806243896484,3.3038923339991015,
sd-turbo,city landscape,823,23.572775721549988,6.28775691986084,3.274109041005431,
sd-turbo,city landscape,825,21.84194028377533,6.218474388122559,3.293657375004841,
sd-turbo,city landscape,830,24.693864583969116,6.228368759155273,3.2666995830004453,
sd-turbo,city landscape,845,22.592458128929138,5.929191589355469,3.271431916997244,
sd-turbo,city landscape,848,19.8908269405365,6.262577533721924,3.2718581249937415,
sd-turbo,city landscape,850,21.71938717365265,6.099233627319336,3.3280104590012343,
sd-turbo,city landscape,861,23.81814271211624,6.438791275024414,3.3125167500038515,
sd-turbo,city landscape,865,25.9469211101532,6.061498641967773,3.4926748750003753,
sd-turbo,city landscape,871,23.5370934009552,6.093718528747559,3.233674167000572,
sd-turbo,city landscape,887,25.97830295562744,6.437063217163086,3.255614000001515,
sd-turbo,city landscape,889,23.07695597410202,6.370872497558594,3.3138043750004726,
sd-turbo,city landscape,892,22.95960932970047,6.687060356140137,3.325412708996737,
sd-turbo,city landscape,897,21.81122601032257,5.859035491943359,3.2959310410005855,
sd-turbo,city landscape,910,25.569921731948853,5.679753303527832,3.6132752089979476,
sd-turbo,city landscape,912,24.506404995918274,6.006777763366699,4.606157417001668,
sd-turbo,city landscape,914,24.234625697135925,6.245248317718506,5.346110208003665,
sd-turbo,city landscape,921,22.63845205307007,6.219562530517578,4.955940792002366,
sd-turbo,city landscape,924,24.85736757516861,5.787640571594238,3.9994252499964205,
sd-turbo,city landscape,930,21.852003037929535,6.052542209625244,3.1279755420036963,
sd-turbo,city landscape,932,23.996971547603607,5.771792411804199,3.756876709005155,
sd-turbo,city landscape,935,21.553190052509308,6.151702880859375,3.3262342079979135,
sd-turbo,city landscape,941,24.371062219142914,6.068502426147461,3.228365084003599,
sd-turbo,city landscape,961,22.618618607521057,6.322846412658691,3.2361572079971666,
sd-turbo,city landscape,985,23.5150009393692,6.001774311065674,3.271819500005222,
sd-turbo,city landscape,989,25.211232900619507,6.255009174346924,3.231098041003861,
sd-turbo,northern lights,2,24.496467411518097,6.189296722412109,3.441811791002692,/Users/kevingeng07/Reffusion Project/benchmark/output/images/sd-turbo/northern-lights/seed_2.png
sd-turbo,northern lights,15,25.983697175979614,6.4437642097473145,3.0566842920015915,/Users/kevingeng07/Reffusion Project/benchmark/output/images/sd-turbo/northern-lights/seed_15.png
sd-turbo,northern lights,42,25.18400251865387,6.364278793334961,3.1965160830004606,/Users/kevingeng07/Reffusion Project/benchmark/output/images/sd-turbo/northern-lights/seed_42.png
sd-turbo,northern lights,64,25.539487600326538,6.356073379516602,3.197479458001908,/Users/kevingeng07/Reffusion Project/benchmark/output/images/sd-turbo/northern-lights/seed_64.png
sd-turbo,northern lights,65,25.503942370414734,6.703312397003174,3.1787113749960554,/Users/kevingeng07/Reffusion Project/benchmark/output/images/sd-turbo/northern-lights/seed_65.png
sd-turbo,northern lights,76,25.580644607543945,6.354989528656006,3.1918241670064162,
sd-turbo,northern lights,83,25.230324268341064,6.389285087585449,3.1734900000010384,
sd-turbo,northern lights,94,24.502798914909363,6.498647212982178,3.1802847089929855,
sd-turbo,northern lights,96,25.37563145160675,6.494568824768066,3.1727626669962774,
sd-turbo,northern lights,98,25.827038288116455,6.391566276550293,3.204881457997544,
sd-turbo,northern lights,102,25.373467803001404,6.583608627319336,3.2775541669980157,
sd-turbo,northern lights,104,25.818809866905212,6.5085368156433105,5.885779167001601,
sd-turbo,northern lights,143,25.551849603652954,6.544978141784668,5.233491749997484,
sd-turbo,northern lights,144,25.257349014282227,6.326892852783203,4.679850583001098,
sd-turbo,northern lights,146,25.317716598510742,6.597627639770508,3.8354823749978095,
sd-turbo,northern lights,151,26.373249292373657,6.416430473327637,4.070107457999256,
sd-turbo,northern lights,196,25.16312301158905,6.416711330413818,4.11359391699807,
sd-turbo,northern lights,210,25.22243559360504,6.368862628936768,3.447333832998993,
sd-turbo,northern lights,224,24.97003972530365,6.330921173095703,3.3542105840024306,
sd-turbo,northern lights,228,24.828293919563293,6.527684688568115,4.442890291000367,
sd-turbo,northern lights,245,24.53593611717224,6.423854827880859,3.6814544159933575,
sd-turbo,northern lights,250,25.06622076034546,6.347060203552246,3.774167874995328,
sd-turbo,northern lights,257,25.368836522102356,6.455505847930908,3.4751256660019862,
sd-turbo,northern lights,266,25.380703806877136,6.441884994506836,3.4856813329970464,
sd-turbo,northern lights,267,25.123661756515503,6.4685869216918945,3.505418209002528,
sd-turbo,northern lights,289,25.362685322761536,6.27396297454834,3.4925725420034723,
sd-turbo,northern lights,311,25.927487015724182,6.614855766296387,3.5652682080035447,
sd-turbo,northern lights,318,25.453656911849976,6.32444953918457,3.4994692909967853,
sd-turbo,northern lights,324,26.26524269580841,6.4429521560668945,3.465291000000434,
sd-turbo,northern lights,328,24.913308024406433,6.365383625030518,3.4773619170009624,
sd-turbo,northern lights,334,25.054389238357544,6.513272285461426,3.439507584000239,
sd-turbo,northern lights,339,25.59792995452881,6.612327575683594,3.577004124999803,
sd-turbo,northern lights,342,24.36097413301468,6.190178871154785,3.4521678339951904,
sd-turbo,northern lights,363,25.50908923149109,6.431415557861328,3.5215180840023095,
sd-turbo,northern lights,367,24.499227106571198,6.43128776550293,3.5682972080030595,
sd-turbo,northern lights,395,25.729835033416748,6.026226997375488,3.3917294159982703,
sd-turbo,northern lights,409,24.434839189052582,6.550536632537842,3.5161736250011018,
sd-turbo,northern lights,415,26.211833953857422,6.270520210266113,3.4733847090028576,
sd-turbo,northern lights,431,25.16247034072876,6.499584674835205,3.5664317499977187,
sd-turbo,northern lights,445,24.643920361995697,6.3884148597717285,3.4870925419963896,
sd-turbo,northern lights,454,25.4751056432724,6.589866638183594,3.428434000001289,
sd-turbo,northern lights,459,24.998874962329865,6.626482963562012,3.45216166600585,
sd-turbo,northern lights,484,25.671932101249695,6.527256965637207,3.5007300409997697,
sd-turbo,northern lights,489,25.292101502418518,6.48018741607666,3.4877827919990523,
sd-turbo,northern lights,498,25.140929222106934,6.283069610595703,3.459970333002275,
sd-turbo,northern lights,506,24.960696697235107,6.196043491363525,3.456458542001201,
sd-turbo,northern lights,517,25.228935480117798,6.431798934936523,3.7069473750016186,
sd-turbo,northern lights,521,25.162461400032043,6.455013275146484,4.035284457997477,
sd-turbo,northern lights,524,24.819675087928772,6.349704742431641,4.756108000001404,
sd-turbo,northern lights,534,24.897588789463043,6.692107200622559,3.7361718749962165,
sd-turbo,northern lights,546,25.35710632801056,6.483518600463867,3.3428630419948604,
sd-turbo,northern lights,557,25.66121220588684,6.42358922958374,3.667818416004593,
sd-turbo,northern lights,562,25.281643867492676,6.470000267028809,5.5866434589988785,
sd-turbo,northern lights,566,24.366426467895508,6.418967247009277,4.152767583000241,
sd-turbo,northern lights,574,25.337308645248413,6.514657497406006,3.851114791003056,
sd-turbo,northern lights,582,25.366386771202087,6.3854660987854,3.8271531670034165,
sd-turbo,northern lights,598,25.413674116134644,6.597379207611084,4.554362584000046,
sd-turbo,northern lights,617,25.871753692626953,6.669485092163086,4.245056416999432,
sd-turbo,northern lights,626,25.17116069793701,6.3638834953308105,4.263175416999729,
sd-turbo,northern lights,627,25.294360518455505,6.49078369140625,3.72319879099814,
sd-turbo,northern lights,634,25.474923849105835,6.5845417976379395,3.6154604160037707,
sd-turbo,northern lights,641,25.369086861610413,6.407524108886719,3.280143459000101,
sd-turbo,northern lights,656,24.833612143993378,6.475839138031006,3.302838083000097,
sd-turbo,northern lights,685,24.66094195842743,6.188206672668457,3.5499807499945746,
sd-turbo,northern lights,701,24.504314363002777,6.350420951843262,3.4046865000054822,
sd-turbo,northern lights,721,24.51322376728058,6.486871242523193,3.343758708004316,
sd-turbo,northern lights,723,25.44175386428833,6.273557662963867,3.355647124997631,
sd-turbo,northern lights,728,24.99484121799469,6.485593795776367,3.326965250002104,
sd-turbo,northern lights,737,26.22338831424713,6.5096025466918945,3.331418957997812,
sd-turbo,northern lights,748,26.080381870269775,6.439840316772461,3.30983712500165,
sd-turbo,northern lights,774,25.064700841903687,6.507655143737793,3.3982862919947365,
sd-turbo,northern lights,777,25.283214449882507,6.424674034118652,3.4039883330042358,
sd-turbo,northern lights,803,25.2422034740448,6.205473899841309,3.332310999998299,
sd-turbo,northern lights,804,24.517904222011566,6.697040557861328,3.3447074170035194,
sd-turbo,northern lights,819,24.64912384748459,6.582785606384277,3.3038978329932434,
sd-turbo,northern lights,823,25.1202255487442,6.635276794433594,3.3185162500012666,
sd-turbo,northern lights,825,26.18677020072937,6.50104284286499,3.318076374998782,
sd-turbo,northern lights,830,25.15145242214203,6.550240516662598,3.3061965419983608,
sd-turbo,northern lights,845,25.915473699569702,6.443820476531982,3.326167125000211,
sd-turbo,northern lights,848,25.595781207084656,6.706607818603516,3.3014130830051727,
sd-turbo,northern lights,850,25.278007984161377,6.541604042053223,3.423511041997699,
sd-turbo,northern lights,861,25.701743364334106,6.5636305809021,3.4253908340033377,
sd-turbo,northern lights,865,25.188854336738586,6.591055393218994,3.7627867920018616,
sd-turbo,northern lights,871,25.867831707000732,6.366047382354736,3.574050375005754,
sd-turbo,northern lights,887,25.25193691253662,6.6220502853393555,3.6593407499967725,
sd-turbo,northern lights,889,25.866127014160156,6.832658767700195,3.387180541998532,
sd-turbo,northern lights,892,24.963167309761047,6.435811519622803,3.8141485000014654,
sd-turbo,northern lights,897,25.290533900260925,6.452239513397217,3.6538620840001386,
sd-turbo,northern lights,910,25.260016322135925,6.369755744934082,3.3402806669982965,
sd-turbo,northern lights,912,25.58985948562622,6.576437950134277,3.340375583000423,
sd-turbo,northern lights,914,24.335861206054688,6.391941070556641,3.310618124996836,
sd-turbo,northern lights,921,25.408130884170532,6.577607154846191,3.3367278750010883,
sd-turbo,northern lights,924,25.703176856040955,6.4611406326293945,3.3752078329998767,
sd-turbo,northern lights,930,25.387033820152283,6.378755569458008,3.8568455830027233,
sd-turbo,northern lights,932,25.56663453578949,6.587184906005859,3.4981769999940298,
sd-turbo,northern lights,935,25.32636523246765,6.396132469177246,4.025759791999008,
sd-turbo,northern lights,941,25.067585706710815,6.530036449432373,4.2001267500018,
sd-turbo,northern lights,961,24.974632263183594,6.604485511779785,3.3371217499952763,
sd-turbo,northern lights,985,25.86355209350586,6.598484992980957,3.385081000000355,
sd-turbo,northern lights,989,25.191175937652588,6.534663200378418,3.421709957998246,
sd-turbo,television with show playing,2,21.579530835151672,5.661679744720459,3.718456791997596,/Users/kevingeng07/Reffusion Project/benchmark/output/images/sd-turbo/television-with-show-playing/seed_2.png
sd-turbo,television with show playing,15,22.954612970352173,5.263158798217773,3.152426332999312,/Users/kevingeng07/Reffusion Project/benchmark/output/images/sd-turbo/television-with-show-playing/seed_15.png
sd-turbo,television with show playing,42,22.08777815103531,5.194911479949951,3.395523625003989,/Users/kevingeng07/Reffusion Project/benchmark/output/images/sd-turbo/television-with-show-playing/seed_42.png
sd-turbo,television with show playing,64,20.735645294189453,5.642312049865723,3.378703292000864,/Users/kevingeng07/Reffusion Project/benchmark/output/images/sd-turbo/television-with-show-playing/seed_64.png
sd-turbo,television with show playing,65,21.44255042076111,5.412145614624023,3.2834228329957114,/Users/kevingeng07/Reffusion Project/benchmark/output/images/sd-turbo/television-with-show-playing/seed_65.png
sd-turbo,television with show playing,76,21.725521981716156,5.7014641761779785,3.312172166995879,
sd-turbo,television with show playing,83,20.33771574497223,5.612750053405762,3.2936499169954914,
sd-turbo,television with show playing,94,21.877512335777283,5.568449974060059,3.3886277499987045,
sd-turbo,television with show playing,96,20.323719084262848,5.966537952423096,3.3457663329973,
sd-turbo,television with show playing,98,21.31117880344391,5.689960479736328,3.405417916997976,
sd-turbo,television with show playing,102,21.123649179935455,5.105902671813965,3.3345968749999884,
sd-turbo,television with show playing,104,20.262518525123596,5.859338760375977,3.3815014580031857,
sd-turbo,television with show playing,143,22.008225321769714,5.859587669372559,3.385644209003658,
sd-turbo,television with show playing,144,23.09434711933136,6.0902814865112305,3.4024900410004193,
sd-turbo,television with show playing,146,21.942122280597687,5.302889823913574,3.47839904200373,
sd-turbo,television with show playing,151,23.027145862579346,5.1114678382873535,3.3779622500005644,
sd-turbo,television with show playing,196,21.960555016994476,5.631136894226074,3.338574082998093,
sd-turbo,television with show playing,210,23.607447743415833,5.097700595855713,3.389607958997658,
sd-turbo,television with show playing,224,21.28233313560486,5.735218048095703,3.3266427080016,
sd-turbo,television with show playing,228,20.424175262451172,5.77119255065918,3.434218709000561,
sd-turbo,television with show playing,245,23.24376255273819,5.3383636474609375,3.343640208004217,
sd-turbo,television with show playing,250,21.255919337272644,5.733777046203613,3.3357467919995543,
sd-turbo,television with show playing,257,20.95840871334076,5.5321245193481445,3.3798862080002436,
sd-turbo,television with show playing,266,21.644163131713867,5.902936935424805,3.3915817079978297,
sd-turbo,television with show playing,267,20.598982274532318,5.924154281616211,3.3629405000028783,
sd-turbo,television with show playing,289,21.98747992515564,5.29337215423584,3.4031251669948688,
sd-turbo,television with show playing,311,20.947495102882385,5.535665512084961,3.312270709000586,
sd-turbo,television with show playing,318,21.401304006576538,5.573236465454102,3.38092591700115,
sd-turbo,television with show playing,324,21.01655900478363,5.816977500915527,3.302454457996646,
sd-turbo,television with show playing,328,22.616907954216003,5.564639091491699,3.38067074999708,
sd-turbo,television with show playing,334,21.299557387828827,5.589199542999268,3.3144733750013984,
sd-turbo,television with show playing,339,20.967870950698853,5.416346549987793,3.3539729170006467,
sd-turbo,television with show playing,342,21.928587555885315,5.736517429351807,3.3443087080013356,
sd-turbo,television with show playing,363,21.815846860408783,5.72298526763916,3.3878464580047876,
sd-turbo,television with show playing,367,21.419072151184082,5.6500654220581055,3.3006153329988592,
sd-turbo,television with show playing,395,22.76754528284073,5.400304317474365,3.4044849159981823,
sd-turbo,television with show playing,409,20.966769754886627,5.7793426513671875,3.320592875003058,
sd-turbo,television with show playing,415,23.96988868713379,5.585759162902832,3.3242848750014673,
sd-turbo,television with show playing,431,21.41154110431671,5.666008949279785,3.326828834004118,
sd-turbo,television with show playing,445,22.462426126003265,5.651872634887695,3.365936000001966,
sd-turbo,television with show playing,454,21.267180144786835,5.879319190979004,3.3414471670039347,
sd-turbo,television with show playing,459,21.60601019859314,5.683572769165039,3.3879454159978195,
sd-turbo,television with show playing,484,20.956167578697205,5.668966293334961,3.3216745000027004,
sd-turbo,television with show playing,489,22.789882123470306,5.5207719802856445,3.3294477090021246,
sd-turbo,television with show playing,498,22.60671555995941,5.4004364013671875,3.348814332995971,
sd-turbo,television with show playing,506,20.26970684528351,5.745649337768555,3.303277999999409,
sd-turbo,television with show playing,517,21.70286774635315,5.73123836517334,3.3646793750012876,
sd-turbo,television with show playing,521,21.60719186067581,5.82463264465332,3.326679999998305,
sd-turbo,television with show playing,524,22.51146286725998,5.64082145690918,3.3256229580001673,
sd-turbo,television with show playing,534,22.29078859090805,5.358063697814941,3.3933826249995036,
sd-turbo,television with show playing,546,21.53969407081604,5.321150302886963,3.3088131670010625,
sd-turbo,television with show playing,557,22.40184247493744,4.440360069274902,3.326041583000915,
sd-turbo,television with show playing,562,21.62356525659561,5.300511837005615,3.3395368750061607,
sd-turbo,television with show playing,566,20.909011363983154,6.179872512817383,3.3774751249948167,
sd-turbo,television with show playing,574,21.184495091438293,5.795191764831543,3.3313104579938226,
sd-turbo,television with show playing,582,22.226616740226746,5.266068935394287,3.3211137910038815,
sd-turbo,television with show playing,598,21.056705713272095,5.874640464782715,3.3500226250034757,
sd-turbo,television with show playing,617,23.655502498149872,5.44056510925293,3.3863820409969776,
sd-turbo,television with show playing,626,21.381139755249023,5.742433547973633,3.348432042002969,
sd-turbo,television with show playing,627,24.11878854036331,6.009241104125977,3.404487749998225,
sd-turbo,television with show playing,634,22.036270797252655,5.3630523681640625,3.383643832996313,
sd-turbo,television with show playing,641,21.71471416950226,5.713361740112305,3.387484457998653,
sd-turbo,television with show playing,656,21.441322565078735,5.6257243156433105,3.3529512919994886,
sd-turbo,television with show playing,685,21.568718552589417,5.716686725616455,3.483050082999398,
sd-turbo,television with show playing,701,21.64214253425598,5.449313163757324,3.337084208003944,
sd-turbo,television with show playing,721,21.92460596561432,5.320793628692627,3.343057416997908,
sd-turbo,television with show playing,723,21.077053248882294,5.583440780639648,3.535310708997713,
sd-turbo,television with show playing,728,21.766138076782227,5.761155128479004,4.329471292003291,
sd-turbo,television with show playing,737,20.67030221223831,6.06730842590332,3.566498166997917,
sd-turbo,television with show playing,748,22.304590046405792,5.3823652267456055,3.6345904170011636,
sd-turbo,television with show playing,774,20.948202908039093,5.9258599281311035,3.4879591670032823,
sd-turbo,television with show playing,777,23.1376513838768,5.138683319091797,3.4797375000052853,
sd-turbo,television with show playing,803,21.361351013183594,5.481637001037598,3.6338065000018105,
sd-turbo,television with show playing,804,21.075400710105896,5.806394577026367,3.332228999999643,
sd-turbo,television with show playing,819,20.82972228527069,5.978738784790039,3.574108916000114,
sd-turbo,television with show playing,823,21.587347984313965,5.821684837341309,3.7131689160014503,
sd-turbo,television with show playing,825,22.00298011302948,5.690852165222168,3.36299458299618,
sd-turbo,television with show playing,830,19.990357756614685,5.695509433746338,3.524618666000606,
sd-turbo,television with show playing,845,21.740949153900146,5.684033393859863,3.595859624998411,
sd-turbo,television with show playing,848,22.807230055332184,5.583268642425537,3.4942450410017045,
sd-turbo,television with show playing,850,20.652657747268677,6.034930229187012,3.452891250002722,
sd-turbo,television with show playing,861,21.24866098165512,5.544926166534424,3.4856312079937197,
sd-turbo,television with show playing,865,21.519872546195984,5.77750301361084,3.5097933750002994,
sd-turbo,television with show playing,871,21.535693109035492,5.480033874511719,3.546712291004951,
sd-turbo,television with show playing,887,21.690288186073303,5.810520172119141,3.4623099160016864,
sd-turbo,television with show playing,889,21.577554941177368,5.5810322761535645,3.383608666998043,
sd-turbo,television with show playing,892,20.430302619934082,5.8018083572387695,3.4373079170036362,
sd-turbo,television with show playing,897,21.332833170890808,5.785590171813965,3.491713167000853,
sd-turbo,television with show playing,910,20.90924084186554,5.761786460876465,3.4354583750027814,
sd-turbo,television with show playing,912,20.75996994972229,5.60567569732666,4.109613833003095,
sd-turbo,television with show playing,914,23.124125599861145,5.478339672088623,3.2844358750007814,
sd-turbo,television with show playing,921,21.214061975479126,5.794551849365234,3.4752652919996763,
sd-turbo,television with show playing,924,22.35482633113861,5.610462665557861,3.477461874994333,
sd-turbo,television with show playing,930,21.40462100505829,5.306199550628662,3.485665333995712,
sd-turbo,television with show playing,932,20.76079249382019,5.739870071411133,3.52341758399416,
sd-turbo,television with show playing,935,24.244114756584167,5.273214340209961,3.5475519160027034,
sd-turbo,television with show playing,941,21.65111154317856,5.886531829833984,3.9775819170026807,
sd-turbo,television with show playing,961,22.077587246894836,5.515627861022949,3.9256361660009134,
sd-turbo,television with show playing,985,20.005792379379272,6.092072486877441,3.4590188750007655,
sd-turbo,television with show playing,989,20.952101051807404,5.744106292724609,3.7255424999966635,
sdxl-turbo,car,2,21.6615229845047,6.471292018890381,6.626538625001558,/Users/kevingeng07/Reffusion Project/benchmark/output/images/sdxl-turbo/car/seed_2.png
sdxl-turbo,car,15,20.009678602218628,6.414324760437012,7.436833666994062,/Users/kevingeng07/Reffusion Project/benchmark/output/images/sdxl-turbo/car/seed_15.png
sdxl-turbo,car,42,19.81538236141205,6.443215370178223,7.478514791000634,/Users/kevingeng07/Reffusion Project/benchmark/output/images/sdxl-turbo/car/seed_42.png
sdxl-turbo,car,64,20.157113671302795,6.149026870727539,9.026837750003324,/Users/kevingeng07/Reffusion Project/benchmark/output/images/sdxl-turbo/car/seed_64.png
sdxl-turbo,car,65,21.09019160270691,5.5417938232421875,9.921111834002659,/Users/kevingeng07/Reffusion Project/benchmark/output/images/sdxl-turbo/car/seed_65.png
sdxl-turbo,car,76,18.70899200439453,6.01038122177124,9.576381874998333,
sdxl-turbo,car,83,22.147859632968903,6.117171287536621,8.83726358399872,
sdxl-turbo,car,94,21.719911694526672,6.552053928375244,8.818016375000298,
sdxl-turbo,car,96,20.46426832675934,6.713523864746094,8.785674625003594,
sdxl-turbo,car,98,20.77234387397766,5.767406940460205,7.43956558300124,
sdxl-turbo,car,102,22.41022437810898,6.584466934204102,7.734295041002042,
sdxl-turbo,car,104,19.99763399362564,6.508662223815918,7.908725500004948,
sdxl-turbo,car,143,22.92991876602173,5.915095329284668,8.705993167000997,
sdxl-turbo,car,144,20.499013364315033,5.899447917938232,10.126027457998134,
sdxl-turbo,car,146,20.412857830524445,6.2157440185546875,8.844528124995122,
sdxl-turbo,car,151,20.946401357650757,6.4083099365234375,8.263264082997921,
sdxl-turbo,car,196,20.46034038066864,5.546416282653809,8.520525874999294,
sdxl-turbo,car,210,19.92824375629425,6.4910478591918945,10.06360858399421,
sdxl-turbo,car,224,19.749493896961212,5.9124040603637695,8.56115220799984,
sdxl-turbo,car,228,18.68666410446167,5.4521098136901855,7.256706917003612,
sdxl-turbo,car,245,23.433788120746613,5.977734565734863,8.975864791005733,
sdxl-turbo,car,250,21.22706174850464,6.619909286499023,8.797802416993363,
sdxl-turbo,car,257,22.488105297088623,6.508847236633301,8.654078416002449,
sdxl-turbo,car,266,21.167343854904175,6.694211006164551,7.200670749996789,
sdxl-turbo,car,267,20.941519737243652,6.077095031738281,7.546287666998978,
sdxl-turbo,car,289,21.33496105670929,6.203275680541992,6.793905292004638,
sdxl-turbo,car,311,18.80798190832138,6.077662944793701,6.893378749999101,
sdxl-turbo,car,318,20.57826519012451,6.151381492614746,7.436900500004413,
sdxl-turbo,car,324,20.837301015853882,5.86649751663208,6.885629874996084,
sdxl-turbo,car,328,19.574320316314697,6.248833656311035,7.409952583999257,
sdxl-turbo,car,334,19.406375288963318,6.660367488861084,7.472323249996407,
sdxl-turbo,car,339,20.246165990829468,5.922362327575684,6.453830458005541,
sdxl-turbo,car,342,22.19136953353882,6.907855033874512,6.815336540996213,
sdxl-turbo,car,363,22.776371240615845,6.577166557312012,6.84232237499964,
sdxl-turbo,car,367,20.58378756046295,6.543015956878662,7.47521958300058,
sdxl-turbo,car,395,21.066240966320038,6.030517578125,7.67922041699785,
sdxl-turbo,car,409,20.09594440460205,6.523308277130127,7.333157082997786,
sdxl-turbo,car,415,20.494017004966736,6.257232666015625,7.790642457999638,
sdxl-turbo,car,431,19.377273321151733,5.964705467224121,7.545459667002433,
sdxl-turbo,car,445,18.836790323257446,6.147830963134766,7.510839959002624,
sdxl-turbo,car,454,19.633637368679047,5.631601333618164,7.392070333000447,
sdxl-turbo,car,459,20.299524068832397,6.082241058349609,8.46173650000128,
sdxl-turbo,car,484,19.955578446388245,5.955166339874268,9.30131183299818,
sdxl-turbo,car,489,21.195535361766815,5.757379531860352,9.282286084002408,
sdxl-turbo,car,498,22.296425700187683,6.689289093017578,7.526244583001244,
sdxl-turbo,car,506,19.592206180095673,6.351219177246094,8.599180709003122,
sdxl-turbo,car,517,18.464604020118713,5.980118751525879,7.964018792001298,
sdxl-turbo,car,521,22.163492441177368,6.371283531188965,8.702587541003595,
sdxl-turbo,car,524,19.195160269737244,6.3836774826049805,7.887247750004462,
sdxl-turbo,car,534,18.290066719055176,6.190841197967529,7.65051754200249,
sdxl-turbo,car,546,19.439053535461426,5.512436866760254,7.911209291996784,
sdxl-turbo,car,557,18.958932161331177,5.435451030731201,7.789937583998835,
sdxl-turbo,car,562,20.375069975852966,5.969634056091309,7.645252207999874,
sdxl-turbo,car,566,19.89513337612152,6.761879920959473,7.898909916002594,
sdxl-turbo,car,574,20.12181431055069,6.266386985778809,7.488939457995002,
sdxl-turbo,car,582,20.80325037240982,5.355932712554932,7.995062333000533,
sdxl-turbo,car,598,20.976300537586212,6.023366928100586,6.812018125005125,
sdxl-turbo,car,617,20.61000168323517,7.0339131355285645,6.621372249996057,
sdxl-turbo,car,626,19.7960764169693,6.255984306335449,7.467203750005865,
sdxl-turbo,car,627,19.285736978054047,6.260865688323975,8.323839083001076,
sdxl-turbo,car,634,18.465736508369446,5.759887218475342,7.655496583000058,
sdxl-turbo,car,641,23.295462131500244,6.729812145233154,6.998372000001837,
sdxl-turbo,car,656,20.135146379470825,6.397086143493652,7.218855958002678,
sdxl-turbo,car,685,18.675974011421204,6.075674057006836,8.238660041999537,
sdxl-turbo,car,701,19.005469977855682,6.272003173828125,8.659483666997403,
sdxl-turbo,car,721,19.967319071292877,6.487693786621094,8.533124790999864,
sdxl-turbo,car,723,19.369587302207947,6.125038146972656,9.010519875002501,
sdxl-turbo,car,728,20.15208601951599,6.329283714294434,10.036824707996857,
sdxl-turbo,car,737,18.67680698633194,5.560983180999756,8.597232874999463,
sdxl-turbo,car,748,21.28387540578842,5.6672515869140625,8.16521858300257,
sdxl-turbo,car,774,21.611419320106506,6.241720199584961,8.18313841700001,
sdxl-turbo,car,777,20.891597867012024,6.572449207305908,8.151136667001992,
sdxl-turbo,car,803,20.730750262737274,5.993992805480957,7.964339416997973,
sdxl-turbo,car,804,19.442565739154816,6.4988884925842285,7.952659458002017,
sdxl-turbo,car,819,21.658723056316376,6.052209377288818,8.288631332994555,
sdxl-turbo,car,823,20.955683290958405,6.593326568603516,8.419658624996373,
sdxl-turbo,car,825,18.111652135849,5.424409866333008,8.28536458400049,
sdxl-turbo,car,830,20.19445300102234,6.365216255187988,8.777466833998915,
sdxl-turbo,car,845,19.518309831619263,6.048030376434326,8.69926100000157,
sdxl-turbo,car,848,20.197507739067078,6.054234504699707,8.648391374998027,
sdxl-turbo,car,850,20.04943937063217,5.797993183135986,8.888557708000008,
sdxl-turbo,car,861,19.554810225963593,6.104894638061523,9.433552082999086,
sdxl-turbo,car,865,19.17937994003296,6.06517219543457,8.816547374997754,
sdxl-turbo,car,871,19.512556493282318,5.927774429321289,7.617409457998292,
sdxl-turbo,car,887,18.405136466026306,5.719943046569824,8.389994666002167,
sdxl-turbo,car,889,21.095746755599976,6.604294776916504,7.831480792003276,
sdxl-turbo,car,892,18.562565743923187,6.1977081298828125,7.060653374996036,
sdxl-turbo,car,897,19.685129821300507,5.908974647521973,8.325035292000393,
sdxl-turbo,car,910,20.910556614398956,6.0434675216674805,7.285153750002792,
sdxl-turbo,car,912,20.015501976013184,6.059528350830078,7.905151207996823,
sdxl-turbo,car,914,20.062363147735596,6.278120040893555,8.103822249999212,
sdxl-turbo,car,921,23.293033242225647,6.101309299468994,7.879650875001971,
sdxl-turbo,car,924,23.801052570343018,6.679069519042969,8.857297249996918,
sdxl-turbo,car,930,22.347237169742584,6.811989784240723,10.48907812499965,
sdxl-turbo,car,932,23.4879732131958,6.512964248657227,8.18185962500138,
sdxl-turbo,car,935,20.297227799892426,5.969853401184082,8.07149754200509,
sdxl-turbo,car,941,23.31051379442215,6.572808265686035,7.459255333000328,
sdxl-turbo,car,961,20.55354416370392,6.151504993438721,7.97895429199707,
sdxl-turbo,car,985,21.235793828964233,6.2454118728637695,8.318290833005449,
sdxl-turbo,car,989,20.492367446422577,6.776374816894531,7.13719220799976,
sdxl-turbo,caucasian male,2,24.603788554668427,6.595828533172607,7.990741125002387,/Users/kevingeng07/Reffusion Project/benchmark/output/images/sdxl-turbo/caucasian-male/seed_2.png
sdxl-turbo,caucasian male,15,21.153998374938965,6.159782409667969,8.504492000000027,/Users/kevingeng07/Reffusion Project/benchmark/output/images/sdxl-turbo/caucasian-male/seed_15.png
sdxl-turbo,caucasian male,42,24.65555965900421,6.972940921783447,6.9961837910013855,/Users/kevingeng07/Reffusion Project/benchmark/output/images/sdxl-turbo/caucasian-male/seed_42.png
sdxl-turbo,caucasian male,64,22.694136202335358,6.8387250900268555,8.070772166996903,/Users/kevingeng07/Reffusion Project/benchmark/output/images/sdxl-turbo/caucasian-male/seed_64.png
sdxl-turbo,caucasian male,65,24.832811951637268,6.246275901794434,754.5314329169996,/Users/kevingeng07/Reffusion Project/benchmark/output/images/sdxl-turbo/caucasian-male/seed_65.png
sdxl-turbo,caucasian male,76,25.610703229904175,5.952470302581787,15.95576804200391,
sdxl-turbo,caucasian male,83,24.156031012535095,7.008265495300293,18.70101308300218,
sdxl-turbo,caucasian male,94,24.815741181373596,6.3668107986450195,16.478237166003964,
sdxl-turbo,caucasian male,96,21.512264013290405,6.441354751586914,14.653367957995215,
sdxl-turbo,caucasian male,98,22.870928049087524,6.350100994110107,11.062339374999283,
sdxl-turbo,caucasian male,102,24.738624691963196,5.869858741760254,11.557491790998029,
sdxl-turbo,caucasian male,104,25.846028327941895,6.417811870574951,8.404547584003012,
sdxl-turbo,caucasian male,143,20.956195890903473,6.1830644607543945,8.04993458300305,
sdxl-turbo,caucasian male,144,23.486097157001495,6.190522193908691,9.182053082993662,
sdxl-turbo,caucasian male,146,21.792125701904297,6.250592231750488,7.477704124998127,
sdxl-turbo,caucasian male,151,25.70755183696747,5.768655776977539,8.116835749999154,
sdxl-turbo,caucasian male,196,23.842594027519226,6.241757392883301,8.226622750000388,
sdxl-turbo,caucasian male,210,24.54279661178589,6.602383136749268,8.552654833001725,
sdxl-turbo,caucasian male,224,21.81689739227295,6.5828142166137695,7.5032577909951215,
sdxl-turbo,caucasian male,228,21.49382382631302,6.041304111480713,7.373594875003619,
sdxl-turbo,caucasian male,245,23.870229721069336,6.896415710449219,8.119504458998563,
sdxl-turbo,caucasian male,250,22.67637848854065,5.933927059173584,8.807960124999227,
sdxl-turbo,caucasian male,257,23.91316145658493,6.09985876083374,8.148177458002465,
sdxl-turbo,caucasian male,266,22.005116939544678,6.729310989379883,8.835030875001394,
sdxl-turbo,caucasian male,267,24.14252907037735,6.495230674743652,9.019558542000595,
sdxl-turbo,caucasian male,289,24.066317081451416,6.115081310272217,7.903454041996156,
sdxl-turbo,caucasian male,311,23.017653822898865,5.636255741119385,7.999870332998398,
sdxl-turbo,caucasian male,318,23.137487471103668,6.876376152038574,8.364578583001276,
sdxl-turbo,caucasian male,324,22.67068177461624,6.698334693908691,7.823604249999335,
sdxl-turbo,caucasian male,328,25.41223168373108,6.731757164001465,8.06013158299902,
sdxl-turbo,caucasian male,334,25.094714760780334,6.169185161590576,9.490737415995682,
sdxl-turbo,caucasian male,339,22.69338071346283,6.595404148101807,7.0755288750006,
sdxl-turbo,caucasian male,342,24.691689014434814,7.005533218383789,6.367620500001067,
sdxl-turbo,caucasian male,363,20.50655484199524,6.284078121185303,7.536486624994723,
sdxl-turbo,caucasian male,367,24.883466958999634,5.871359348297119,8.24124866600323,
sdxl-turbo,caucasian male,395,22.805657982826233,5.972424507141113,8.337590709001233,
sdxl-turbo,caucasian male,409,25.37057399749756,6.040401458740234,8.050876666995464,
sdxl-turbo,caucasian male,415,24.11123216152191,6.3342390060424805,7.975257250000141,
sdxl-turbo,caucasian male,431,25.70827007293701,7.1954345703125,7.857807916996535,
sdxl-turbo,caucasian male,445,24.499167501926422,7.010444164276123,8.334482707999996,
sdxl-turbo,caucasian male,454,22.442668676376343,6.884859085083008,8.066628458000196,
sdxl-turbo,caucasian male,459,24.350470304489136,6.482440948486328,8.619772916994407,
sdxl-turbo,caucasian male,484,24.02845323085785,6.704652786254883,8.107796083000721,
sdxl-turbo,caucasian male,489,25.818216800689697,5.803784370422363,7.962696708003932,
sdxl-turbo,caucasian male,498,24.12269115447998,6.214899063110352,8.24520883399964,
sdxl-turbo,caucasian male,506,25.202929973602295,5.935642242431641,7.596429541998077,
sdxl-turbo,caucasian male,517,25.327694416046143,6.447645664215088,8.047798208004679,
sdxl-turbo,caucasian male,521,24.74946826696396,6.619421482086182,8.152555958004086,
sdxl-turbo,caucasian male,524,25.47428011894226,6.233365535736084,7.748879457998555,
sdxl-turbo,caucasian male,534,24.789300560951233,6.2314252853393555,8.549308084002405,
sdxl-turbo,caucasian male,546,23.165902495384216,6.008762359619141,8.166866749998007,
sdxl-turbo,caucasian male,557,24.06749725341797,6.018282413482666,8.448472042000503,
sdxl-turbo,caucasian male,562,20.245113968849182,5.586142063140869,9.619867749999685,
sdxl-turbo,caucasian male,566,24.250897765159607,6.052238464355469,8.772387042001355,
sdxl-turbo,caucasian male,574,23.51568639278412,5.936858177185059,8.382034833004582,
sdxl-turbo,caucasian male,582,25.115123391151428,6.300055503845215,9.15160470900446,
sdxl-turbo,caucasian male,598,24.407778680324554,6.06948184967041,8.93632291600079,
sdxl-turbo,caucasian male,617,23.434898257255554,6.342573165893555,8.836232084002404,
sdxl-turbo,caucasian male,626,24.006152153015137,6.037275314331055,8.600674583998625,
sdxl-turbo,caucasian male,627,24.756181240081787,6.269089698791504,8.296194875001675,
sdxl-turbo,caucasian male,634,24.9947652220726,6.263956546783447,7.5996602089944645,
sdxl-turbo,caucasian male,641,24.757732450962067,6.819581031799316,8.047751042002346,
sdxl-turbo,caucasian male,656,24.772468209266663,6.995277404785156,8.48284070900263,
sdxl-turbo,caucasian male,685,25.480645895004272,6.229616641998291,8.940230833002715,
sdxl-turbo,caucasian male,701,24.543525278568268,6.484179973602295,8.335235291997378,
sdxl-turbo,caucasian male,721,22.805315256118774,6.2203593254089355,8.43520683299721,
sdxl-turbo,caucasian male,723,24.330678582191467,6.070359230041504,9.018198958001449,
sdxl-turbo,caucasian male,728,25.271618366241455,6.775056838989258,9.23284933299874,
sdxl-turbo,caucasian male,737,23.867574334144592,6.616617202758789,10.69838233399787,
sdxl-turbo,caucasian male,748,25.626638531684875,5.640315055847168,9.121199291999801,
sdxl-turbo,caucasian male,774,25.178426504135132,5.961185455322266,8.460331750000478,
sdxl-turbo,caucasian male,777,20.978686213493347,6.430333137512207,9.127469874998496,
sdxl-turbo,caucasian male,803,23.914317786693573,6.474651336669922,8.363858915996389,
sdxl-turbo,caucasian male,804,23.162217438220978,5.801666259765625,8.304063584000687,
sdxl-turbo,caucasian male,819,22.311651706695557,6.673855781555176,7.703323209003429,
sdxl-turbo,caucasian male,823,23.20653647184372,6.267955780029297,8.554401999994298,
sdxl-turbo,caucasian male,825,24.469749629497528,6.935557842254639,9.76827608300664,
sdxl-turbo,caucasian male,830,24.07677471637726,6.668662071228027,8.683822499995586,
sdxl-turbo,caucasian male,845,24.1931289434433,6.185281753540039,8.54108258299675,
sdxl-turbo,caucasian male,848,22.621677815914154,6.039870738983154,7.753940499998862,
sdxl-turbo,caucasian male,850,24.455782771110535,6.212788105010986,7.490778790997865,
sdxl-turbo,caucasian male,861,26.35982036590576,5.927478313446045,8.561492999993789,
sdxl-turbo,caucasian male,865,24.452874064445496,6.2364349365234375,7.852451915998245,
sdxl-turbo,caucasian male,871,24.079948663711548,6.131773948669434,7.484656792003079,
sdxl-turbo,caucasian male,887,23.6113041639328,6.212101936340332,8.28839083299681,
sdxl-turbo,caucasian male,889,24.035364389419556,6.304960250854492,8.113424832998135,
sdxl-turbo,caucasian male,892,21.947835385799408,6.359107494354248,7.8991987079934916,
sdxl-turbo,caucasian male,897,22.353336215019226,5.960741996765137,7.590878291994159,
sdxl-turbo,caucasian male,910,24.574214220046997,7.165600776672363,7.564339333999669,
sdxl-turbo,caucasian male,912,23.671767115592957,6.646442413330078,8.00572241700138,
sdxl-turbo,caucasian male,914,24.63977038860321,6.958036422729492,8.81957429099566,
sdxl-turbo,caucasian male,921,25.674515962600708,7.209348678588867,8.122629625002446,
sdxl-turbo,caucasian male,924,22.36977517604828,5.885541915893555,9.20759220799664,
sdxl-turbo,caucasian male,930,23.579630255699158,6.269557952880859,8.705738000004203,
sdxl-turbo,caucasian male,932,26.42768621444702,6.435291767120361,8.46228770900052,
sdxl-turbo,caucasian male,935,25.01668930053711,6.153850555419922,7.309724958999141,
sdxl-turbo,caucasian male,941,23.702892661094666,6.459814071655273,8.404647334005858,
sdxl-turbo,caucasian male,961,23.58911484479904,6.22688627243042,8.748508167002,
sdxl-turbo,caucasian male,985,23.738640546798706,6.155303478240967,8.522878333002154,
sdxl-turbo,caucasian male,989,22.456762194633484,6.611688613891602,8.930882667002152,
sdxl-turbo,city landscape,2,21.334287524223328,6.39396858215332,8.67619383300189,/Users/kevingeng07/Reffusion Project/benchmark/output/images/sdxl-turbo/city-landscape/seed_2.png
sdxl-turbo,city landscape,15,23.812884092330933,6.531722068786621,7.679837542003952,/Users/kevingeng07/Reffusion Project/benchmark/output/images/sdxl-turbo/city-landscape/seed_15.png
sdxl-turbo,city landscape,42,22.500601410865784,7.019392013549805,6.993779167001776,/Users/kevingeng07/Reffusion Project/benchmark/output/images/sdxl-turbo/city-landscape/seed_42.png
sdxl-turbo,city landscape,64,21.982447803020477,6.733734130859375,6.3575042500015115,/Users/kevingeng07/Reffusion Project/benchmark/output/images/sdxl-turbo/city-landscape/seed_64.png
sdxl-turbo,city landscape,65,22.323714196681976,7.0873212814331055,6.656370374999824,/Users/kevingeng07/Reffusion Project/benchmark/output/images/sdxl-turbo/city-landscape/seed_65.png
sdxl-turbo,city landscape,76,23.968611657619476,6.874580383300781,6.961949500000628,
sdxl-turbo,city landscape,83,24.14516806602478,6.616790771484375,7.132010124994849,
sdxl-turbo,city landscape,94,21.58367484807968,6.681906700134277,6.880569291999564,
sdxl-turbo,city landscape,96,23.590071499347687,6.707937717437744,6.656433542004379,
sdxl-turbo,city landscape,98,22.04347997903824,6.462904453277588,6.460670542001026,
sdxl-turbo,city landscape,102,23.611557483673096,7.047484397888184,6.321258750002016,
sdxl-turbo,city landscape,104,22.181154787540436,6.448907852172852,6.9551944580016425,
sdxl-turbo,city landscape,143,22.18816578388214,6.668148040771484,6.664638208996621,
sdxl-turbo,city landscape,144,24.626818299293518,6.750307559967041,6.186435832998541,
sdxl-turbo,city landscape,146,23.84052872657776,6.747647285461426,7.543278917000862,
sdxl-turbo,city landscape,151,22.951140999794006,6.847501754760742,37.023928958995384,
sdxl-turbo,city landscape,196,23.09858947992325,6.665182113647461,10.962669375003316,
sdxl-turbo,city landscape,210,23.61239641904831,6.618801116943359,8.250848792005854,
sdxl-turbo,city landscape,224,22.551265358924866,6.8975934982299805,7.531908167002257,
sdxl-turbo,city landscape,228,22.661666572093964,6.766233444213867,7.535667041003762,
sdxl-turbo,city landscape,245,22.15815782546997,6.689587593078613,7.901951458996336,
sdxl-turbo,city landscape,250,23.232264816761017,6.547031402587891,8.945792500002426,
sdxl-turbo,city landscape,257,23.08211773633957,6.787798881530762,8.033179042002303,
sdxl-turbo,city landscape,266,22.566404938697815,6.7751874923706055,7.519418625000981,
sdxl-turbo,city landscape,267,22.211453318595886,6.356822967529297,7.608357459001127,
sdxl-turbo,city landscape,289,20.84977626800537,7.121325492858887,8.148497917005443,
sdxl-turbo,city landscape,311,20.432087779045105,6.743804931640625,8.596664042001066,
sdxl-turbo,city landscape,318,24.090853333473206,6.894309997558594,7.163015457997972,
sdxl-turbo,city landscape,324,22.387754917144775,6.565420627593994,6.834352082994883,
sdxl-turbo,city landscape,328,22.875717282295227,6.811929225921631,7.172010083006171,
sdxl-turbo,city landscape,334,22.734445333480835,6.579935550689697,6.911953458002245,
sdxl-turbo,city landscape,339,22.616925835609436,6.918517112731934,6.800385709000693,
sdxl-turbo,city landscape,342,23.79668653011322,6.725231170654297,6.9897754170015105,
sdxl-turbo,city landscape,363,22.186194360256195,6.785329341888428,7.083445708005456,
sdxl-turbo,city landscape,367,22.759906947612762,7.21934700012207,6.606184416996257,
sdxl-turbo,city landscape,395,22.731557488441467,7.065587043762207,6.77425491699978,
sdxl-turbo,city landscape,409,22.87384569644928,6.691558837890625,7.6579524999979185,
sdxl-turbo,city landscape,415,22.786930203437805,6.78787088394165,7.073905291996198,
sdxl-turbo,city landscape,431,22.574898600578308,6.940054893493652,7.541673249994346,
sdxl-turbo,city landscape,445,22.040602564811707,6.6365132331848145,9.722428291999677,
sdxl-turbo,city landscape,454,22.18642234802246,6.907899856567383,7.611563541002397,
sdxl-turbo,city landscape,459,22.63280153274536,7.103095054626465,7.377884165995056,
sdxl-turbo,city landscape,484,22.986863553524017,7.003665447235107,8.495189832996402,
sdxl-turbo,city landscape,489,22.239312529563904,6.750359535217285,7.374094541999511,
sdxl-turbo,city landscape,498,23.165078461170197,6.616626739501953,9.72062675000052,
sdxl-turbo,city landscape,506,23.579183220863342,6.74301815032959,9.60766358300316,
sdxl-turbo,city landscape,517,23.59795570373535,6.967105388641357,8.779098749997502,
sdxl-turbo,city landscape,521,22.18431532382965,6.7985053062438965,8.088776875003532,
sdxl-turbo,city landscape,524,22.71038144826889,6.894797325134277,10.487854667000647,
sdxl-turbo,city landscape,534,22.736671566963196,7.22330904006958,9.49867658400035,
sdxl-turbo,city landscape,546,23.136530816555023,6.875816345214844,10.66064245900634,
sdxl-turbo,city landscape,557,21.961425244808197,6.576001167297363,9.420810874995368,
sdxl-turbo,city landscape,562,21.286103129386902,6.521782875061035,9.653491582997958,
sdxl-turbo,city landscape,566,22.814160585403442,6.639732837677002,10.422099291004997,
sdxl-turbo,city landscape,574,21.860238909721375,6.551185607910156,11.586155167002289,
sdxl-turbo,city landscape,582,23.254285752773285,6.504651069641113,8.962717792004696,
sdxl-turbo,city landscape,598,23.442040383815765,6.9570159912109375,9.163787875004346,
sdxl-turbo,city landscape,617,24.036704003810883,7.077098846435547,11.16818945799605,
sdxl-turbo,city landscape,626,23.185232281684875,6.595064163208008,11.803194792002614,
sdxl-turbo,city landscape,627,21.166305243968964,6.433227062225342,10.671681290994457,
sdxl-turbo,city landscape,634,22.974762320518494,6.329165458679199,7.868185749997792,
sdxl-turbo,city landscape,641,23.612678050994873,6.893550872802734,7.634104750002734,
sdxl-turbo,city landscape,656,22.775009274482727,6.840411186218262,8.822559416999866,
sdxl-turbo,city landscape,685,22.104111313819885,6.95489501953125,8.799637957999948,
sdxl-turbo,city landscape,701,23.981380462646484,6.403009414672852,10.557778791997407,
sdxl-turbo,city landscape,721,21.882376074790955,6.653718948364258,10.117849875001411,
sdxl-turbo,city landscape,723,22.520795464515686,6.5162353515625,10.634841374994721,
sdxl-turbo,city landscape,728,22.429580986499786,6.599006175994873,7.729370084001857,
sdxl-turbo,city landscape,737,23.21489155292511,6.701446533203125,7.207598832996155,
sdxl-turbo,city landscape,748,25.27509033679962,7.117216110229492,7.853188624998438,
sdxl-turbo,city landscape,774,22.987082600593567,6.6015825271606445,9.373177499997837,
sdxl-turbo,city landscape,777,22.35618084669113,7.346810340881348,10.632036584000161,
sdxl-turbo,city landscape,803,22.486214339733124,7.088406085968018,8.805055875003745,
sdxl-turbo,city landscape,804,23.707912862300873,6.732280731201172,8.498178542002279,
sdxl-turbo,city landscape,819,22.765621542930603,7.288812637329102,10.200910125000519,
sdxl-turbo,city landscape,823,23.92023056745529,6.575867652893066,7.6069418330007466,
sdxl-turbo,city landscape,825,23.076093196868896,6.614229202270508,9.123382333003974,
sdxl-turbo,city landscape,830,22.945457696914673,6.815067768096924,8.054405832997872,
sdxl-turbo,city landscape,845,23.75526875257492,6.678773880004883,9.932928333000746,
sdxl-turbo,city landscape,848,21.896064281463623,6.906780242919922,8.846616874994652,
sdxl-turbo,city landscape,850,21.574625372886658,6.931188583374023,15.879170542000793,
sdxl-turbo,city landscape,861,23.29610288143158,6.952630996704102,14.402005875002942,
sdxl-turbo,city landscape,865,24.33047741651535,6.771894454956055,7.831553959003941,
sdxl-turbo,city landscape,871,21.059000492095947,7.148003578186035,8.196549083004356,
sdxl-turbo,city landscape,887,22.50595986843109,6.736937522888184,7.649450832999719,
sdxl-turbo,city landscape,889,21.736107766628265,6.524753570556641,7.931602541997563,
sdxl-turbo,city landscape,892,21.379904448986053,6.841785430908203,7.342692792000889,
sdxl-turbo,city landscape,897,22.767512500286102,6.704859256744385,7.295887416003097,
sdxl-turbo,city landscape,910,22.54367470741272,6.719048976898193,7.637698458995146,
sdxl-turbo,city landscape,912,22.63195812702179,6.605144500732422,7.144283542002086,
sdxl-turbo,city landscape,914,23.458769917488098,6.588354110717773,8.298653582998668,
sdxl-turbo,city landscape,921,21.521982550621033,6.587394714355469,7.640960083001119,
sdxl-turbo,city landscape,924,22.73433655500412,6.767967224121094,8.150887209005305,
sdxl-turbo,city landscape,930,24.348099529743195,6.877780914306641,8.111557999996876,
sdxl-turbo,city landscape,932,21.55478298664093,6.473665714263916,8.589189415994042,
sdxl-turbo,city landscape,935,23.10272455215454,6.925201416015625,7.589331625000341,
sdxl-turbo,city landscape,941,23.00957441329956,6.785721302032471,7.852912082998955,
sdxl-turbo,city landscape,961,23.717352747917175,6.656154155731201,7.868772207999427,
sdxl-turbo,city landscape,985,23.5021710395813,6.936363220214844,16.414821458994993,
sdxl-turbo,city landscape,989,23.528161644935608,7.006311416625977,13.74461162499938,
sdxl-turbo,northern lights,2,23.08838963508606,5.937859535217285,19.48458095800015,/Users/kevingeng07/Reffusion Project/benchmark/output/images/sdxl-turbo/northern-lights/seed_2.png
sdxl-turbo,northern lights,15,24.487420916557312,5.957852363586426,12.631568958997377,/Users/kevingeng07/Reffusion Project/benchmark/output/images/sdxl-turbo/northern-lights/seed_15.png
sdxl-turbo,northern lights,42,24.434910714626312,6.166113376617432,8.176232666999567,/Users/kevingeng07/Reffusion Project/benchmark/output/images/sdxl-turbo/northern-lights/seed_42.png
sdxl-turbo,northern lights,64,25.03325641155243,6.612238883972168,11.737348250004288,/Users/kevingeng07/Reffusion Project/benchmark/output/images/sdxl-turbo/northern-lights/seed_64.png
sdxl-turbo,northern lights,65,23.83825331926346,6.191688060760498,9.78231266700459,/Users/kevingeng07/Reffusion Project/benchmark/output/images/sdxl-turbo/northern-lights/seed_65.png
sdxl-turbo,northern lights,76,23.806026577949524,5.933217525482178,7.249373999999079,
sdxl-turbo,northern lights,83,23.994821310043335,6.009746074676514,7.437268374997075,
sdxl-turbo,northern lights,94,23.674680292606354,6.069642543792725,6.996705791003478,
sdxl-turbo,northern lights,96,24.036991596221924,6.031824111938477,6.707520125004521,
sdxl-turbo,northern lights,98,23.355385661125183,5.97451114654541,7.13476058300148,
sdxl-turbo,northern lights,102,24.81110692024231,6.354518890380859,7.165493415996025,
sdxl-turbo,northern lights,104,24.249577522277832,6.105032444000244,6.61951145799685,
sdxl-turbo,northern lights,143,24.160146713256836,6.183115482330322,6.495416208003007,
sdxl-turbo,northern lights,144,23.593546450138092,6.3592305183410645,7.245338416003506,
sdxl-turbo,northern lights,146,23.631437122821808,6.331169128417969,6.6218705419960315,
sdxl-turbo,northern lights,151,22.899384796619415,5.9365973472595215,7.150173792004352,
sdxl-turbo,northern lights,196,24.721236526966095,6.570879936218262,7.168992333005008,
sdxl-turbo,northern lights,210,24.26469475030899,6.1421403884887695,6.926970666994748,
sdxl-turbo,northern lights,224,24.67885911464691,6.227183818817139,10.426722625001275,
sdxl-turbo,northern lights,228,24.68738853931427,6.253905296325684,9.904283083000337,
sdxl-turbo,northern lights,245,24.4208961725235,6.175686359405518,12.201457499999378,
sdxl-turbo,northern lights,250,24.696362018585205,6.252542972564697,10.38624924999749,
sdxl-turbo,northern lights,257,24.05732423067093,6.0912322998046875,7.547136624998529,
sdxl-turbo,northern lights,266,23.79627823829651,6.204706192016602,8.173232457993436,
sdxl-turbo,northern lights,267,24.15095865726471,6.167369842529297,8.92628879199765,
sdxl-turbo,northern lights,289,23.088079690933228,6.094264984130859,8.473037916002795,
sdxl-turbo,northern lights,311,23.373425006866455,5.904081344604492,9.958389167004498,
sdxl-turbo,northern lights,318,24.528220295906067,6.156215667724609,8.759252666000975,
sdxl-turbo,northern lights,324,22.268977761268616,5.830604553222656,7.60281329099962,
sdxl-turbo,northern lights,328,23.94384741783142,6.240135192871094,6.881834041996626,
sdxl-turbo,northern lights,334,23.07889312505722,5.953521728515625,7.324929124995833,
sdxl-turbo,northern lights,339,25.430208444595337,6.477937698364258,8.411583000000974,
sdxl-turbo,northern lights,342,23.91401380300522,6.090174674987793,7.084717625002668,
sdxl-turbo,northern lights,363,23.353666067123413,6.068119525909424,6.61934933399607,
sdxl-turbo,northern lights,367,24.24623966217041,6.296267986297607,6.785785332998785,
sdxl-turbo,northern lights,395,23.18311035633087,6.028458595275879,10.595164333004504,
sdxl-turbo,northern lights,409,24.067053198814392,6.175488471984863,8.37643895799556,
sdxl-turbo,northern lights,415,23.364761471748352,6.069402694702148,10.425182209000923,
sdxl-turbo,northern lights,431,24.229609966278076,6.368324279785156,8.64377450000029,
sdxl-turbo,northern lights,445,25.097519159317017,6.368455410003662,9.969755790996714,
sdxl-turbo,northern lights,454,23.815332353115082,6.162824630737305,7.457939707994228,
sdxl-turbo,northern lights,459,24.09978210926056,6.287736892700195,8.133360084000742,
sdxl-turbo,northern lights,484,23.807232081890106,6.251069068908691,8.088710208998236,
sdxl-turbo,northern lights,489,23.17596524953842,6.320477485656738,7.562204458998167,
sdxl-turbo,northern lights,498,23.668193817138672,6.070246696472168,8.75608979199751,
sdxl-turbo,northern lights,506,23.407912254333496,6.178653717041016,8.287027667000075,
sdxl-turbo,northern lights,517,24.39722716808319,6.156082630157471,7.705641583001125,
sdxl-turbo,northern lights,521,24.035924673080444,6.196775913238525,7.368943917004799,
sdxl-turbo,northern lights,524,24.52220320701599,6.230330467224121,6.588584625002113,
sdxl-turbo,northern lights,534,23.628780245780945,5.989247798919678,8.098027332998754,
sdxl-turbo,northern lights,546,22.453033924102783,5.610372066497803,7.554667374999553,
sdxl-turbo,northern lights,557,24.262693524360657,6.345576286315918,8.593456541995693,
sdxl-turbo,northern lights,562,24.225345253944397,6.2042646408081055,18.41838862500299,
sdxl-turbo,northern lights,566,23.57286810874939,6.0745368003845215,10.858630167000229,
sdxl-turbo,northern lights,574,22.630444169044495,6.018994331359863,8.719482500004233,
sdxl-turbo,northern lights,582,23.909007012844086,6.255300045013428,11.792587625001033,
sdxl-turbo,northern lights,598,23.236465454101562,5.899366855621338,10.063879124994855,
sdxl-turbo,northern lights,617,23.816674947738647,6.162815093994141,7.541601583005104,
sdxl-turbo,northern lights,626,22.173666954040527,5.950821399688721,7.362758124996617,
sdxl-turbo,northern lights,627,23.88041317462921,6.037059307098389,7.146258916000079,
sdxl-turbo,northern lights,634,23.215922713279724,5.856630325317383,7.18999179200182,
sdxl-turbo,northern lights,641,24.636170268058777,6.206160068511963,7.568064291997871,
sdxl-turbo,northern lights,656,23.907266557216644,6.007770538330078,8.687934875000792,
sdxl-turbo,northern lights,685,23.779496550559998,6.205159664154053,7.295226291003928,
sdxl-turbo,northern lights,701,23.662467300891876,5.97818660736084,6.985819124995032,
sdxl-turbo,northern lights,721,23.97778034210205,6.183087348937988,7.2037193329961156,
sdxl-turbo,northern lights,723,23.137038946151733,6.153510093688965,7.508226917001593,
sdxl-turbo,northern lights,728,23.314043879508972,5.856904029846191,6.873741290997714,
sdxl-turbo,northern lights,737,23.025187849998474,5.858745574951172,7.662785583001096,
sdxl-turbo,northern lights,748,24.260523915290833,6.242388725280762,7.469159000000218,
sdxl-turbo,northern lights,774,24.371221661567688,6.022450923919678,7.233850167001947,
sdxl-turbo,northern lights,777,23.566429316997528,6.06995964050293,6.965485416003503,
sdxl-turbo,northern lights,803,24.020487070083618,5.889579772949219,6.854259332998481,
sdxl-turbo,northern lights,804,24.193409085273743,6.225625991821289,7.34566900000209,
sdxl-turbo,northern lights,819,22.808638215065002,5.987490653991699,7.318270249998022,
sdxl-turbo,northern lights,823,24.10328984260559,6.101985454559326,8.720925916000851,
sdxl-turbo,northern lights,825,23.020265996456146,6.1363325119018555,7.140991416999896,
sdxl-turbo,northern lights,830,23.438575863838196,5.8391008377075195,7.092721334003727,
sdxl-turbo,northern lights,845,23.004621267318726,6.146157741546631,7.022229499998502,
sdxl-turbo,northern lights,848,23.173388838768005,6.022821426391602,6.910183083004085,
sdxl-turbo,northern lights,850,23.369382321834564,6.0369720458984375,6.901598374999594,
sdxl-turbo,northern lights,861,23.830294609069824,5.985103130340576,7.363058000002638,
sdxl-turbo,northern lights,865,22.902213037014008,5.913079738616943,7.055488166995929,
sdxl-turbo,northern lights,871,23.60912412405014,6.006584644317627,6.718054459000996,
sdxl-turbo,northern lights,887,23.75810146331787,6.144515514373779,6.507147542004532,
sdxl-turbo,northern lights,889,22.91676700115204,5.686997413635254,7.021780250004667,
sdxl-turbo,northern lights,892,24.78756308555603,6.560031890869141,6.949138584001048,
sdxl-turbo,northern lights,897,22.719644010066986,6.026641845703125,7.722484582998732,
sdxl-turbo,northern lights,910,25.153982639312744,6.167507171630859,6.978586875004112,
sdxl-turbo,northern lights,912,24.32449460029602,6.216154098510742,6.557415208000748,
sdxl-turbo,northern lights,914,23.94983172416687,6.022348403930664,6.902151040994795,
sdxl-turbo,northern lights,921,22.94289767742157,6.107518196105957,6.988548958004685,
sdxl-turbo,northern lights,924,24.261221289634705,6.308446407318115,6.7562973749954836,
sdxl-turbo,northern lights,930,23.614501953125,6.037334442138672,6.965719749998243,
sdxl-turbo,northern lights,932,23.588982224464417,6.12164306640625,6.794354292003845,
sdxl-turbo,northern lights,935,23.79668354988098,6.046054840087891,6.852021458995296,
sdxl-turbo,northern lights,941,24.226537346839905,6.042000770568848,7.136710500002664,
sdxl-turbo,northern lights,961,22.391843795776367,5.839073657989502,350.3773714159979,
sdxl-turbo,northern lights,985,23.85886311531067,6.055140495300293,26.347959708000417,
sdxl-turbo,northern lights,989,24.124842882156372,6.135568618774414,11.5933774169971,
sdxl-turbo,television with show playing,2,21.873703598976135,4.988305568695068,13.155012916999112,/Users/kevingeng07/Reffusion Project/benchmark/output/images/sdxl-turbo/television-with-show-playing/seed_2.png
sdxl-turbo,television with show playing,15,23.842641711235046,5.329678535461426,7.5503620829986176,/Users/kevingeng07/Reffusion Project/benchmark/output/images/sdxl-turbo/television-with-show-playing/seed_15.png
sdxl-turbo,television with show playing,42,22.475752234458923,5.606236934661865,7.173949875003018,/Users/kevingeng07/Reffusion Project/benchmark/output/images/sdxl-turbo/television-with-show-playing/seed_42.png
sdxl-turbo,television with show playing,64,23.266392946243286,5.282444953918457,7.413127375002659,/Users/kevingeng07/Reffusion Project/benchmark/output/images/sdxl-turbo/television-with-show-playing/seed_64.png
sdxl-turbo,television with show playing,65,23.533830046653748,5.055310249328613,6.747083042006125,/Users/kevingeng07/Reffusion Project/benchmark/output/images/sdxl-turbo/television-with-show-playing/seed_65.png
sdxl-turbo,television with show playing,76,23.618024587631226,5.557460784912109,6.918431042002339,
sdxl-turbo,television with show playing,83,23.601949214935303,6.249932289123535,7.043285208994348,
sdxl-turbo,television with show playing,94,23.450584709644318,5.020097732543945,6.7239410410038545,
sdxl-turbo,television with show playing,96,24.26760196685791,5.138681888580322,7.048329917000956,
sdxl-turbo,television with show playing,98,22.686421871185303,4.960211753845215,5.940785082995717,
sdxl-turbo,television with show playing,102,24.039876461029053,5.34296989440918,7.500696292001521,
sdxl-turbo,television with show playing,104,23.227475583553314,5.170151710510254,6.941215541999554,
sdxl-turbo,television with show playing,143,22.79663234949112,4.9484782218933105,6.727842874999624,
sdxl-turbo,television with show playing,144,27.280962467193604,5.215524673461914,8.05392858399864,
sdxl-turbo,television with show playing,146,23.701733350753784,5.144792079925537,10.373615541000618,
sdxl-turbo,television with show playing,151,23.723237216472626,5.112255096435547,11.40697629100032,
sdxl-turbo,television with show playing,196,24.18043166399002,5.293881416320801,7.737186500002281,
sdxl-turbo,television with show playing,210,23.34715574979782,5.4859299659729,7.34639362499729,
sdxl-turbo,television with show playing,224,23.60803931951523,5.003686428070068,9.267625291999138,
sdxl-turbo,television with show playing,228,23.493647575378418,5.243887424468994,7.247298166999826,
sdxl-turbo,television with show playing,245,23.574519157409668,5.149374961853027,7.3775220419993275,
sdxl-turbo,television with show playing,250,24.80177730321884,4.790820598602295,7.576291417004541,
sdxl-turbo,television with show playing,257,24.212005734443665,5.131460189819336,7.0454317910043756,
sdxl-turbo,television with show playing,266,23.936940729618073,5.185214042663574,6.603320041998813,
sdxl-turbo,television with show playing,267,23.904800415039062,5.299123764038086,7.029302417002327,
sdxl-turbo,television with show playing,289,24.090775847434998,5.172476768493652,7.281901249996736,
sdxl-turbo,television with show playing,311,22.957590222358704,4.925252437591553,7.0778255829936825,
sdxl-turbo,television with show playing,318,23.965127766132355,5.419317722320557,7.855752959003439,
sdxl-turbo,television with show playing,324,23.748202621936798,4.915872573852539,7.448375666004722,
sdxl-turbo,television with show playing,328,23.54690730571747,5.047052383422852,7.542708499997389,
sdxl-turbo,television with show playing,334,24.023279547691345,5.014493942260742,7.000899291000678,
sdxl-turbo,television with show playing,339,22.231416404247284,5.185198783874512,7.186206124999444,
sdxl-turbo,television with show playing,342,23.329176008701324,5.320492744445801,7.044563458002813,
sdxl-turbo,television with show playing,363,23.734626173973083,4.9341959953308105,7.001793125004042,
sdxl-turbo,television with show playing,367,24.10936951637268,5.086930274963379,6.823908291997213,
sdxl-turbo,television with show playing,395,23.563632369041443,5.103994369506836,7.0426716250003665,
sdxl-turbo,television with show playing,409,24.529266357421875,4.9863691329956055,7.281682333996287,
sdxl-turbo,television with show playing,415,24.25304800271988,4.690127372741699,7.092057292000391,
sdxl-turbo,television with show playing,431,23.640502989292145,5.0871381759643555,6.968914166005561,
sdxl-turbo,television with show playing,445,25.25010108947754,5.324430465698242,7.206478457999765,
sdxl-turbo,television with show playing,454,24.639981985092163,4.962464809417725,6.6608798329980345,
sdxl-turbo,television with show playing,459,24.359574913978577,4.85073709487915,6.542197957998724,
sdxl-turbo,television with show playing,484,23.868590593338013,4.924905300140381,6.985522292001406,
sdxl-turbo,television with show playing,489,23.010946810245514,5.553432941436768,7.012840834002418,
sdxl-turbo,television with show playing,498,22.625282406806946,4.9164581298828125,7.228367540999898,
sdxl-turbo,television with show playing,506,24.736779928207397,5.053767681121826,7.482652999999118,
sdxl-turbo,television with show playing,517,23.9401713013649,5.222051620483398,7.049647459003609,
sdxl-turbo,television with show playing,521,21.240592002868652,5.526702404022217,7.009966915997211,
sdxl-turbo,television with show playing,524,23.180747032165527,4.932173252105713,7.011549124996236,
sdxl-turbo,television with show playing,534,23.59544038772583,5.038271427154541,7.69625441700191,
sdxl-turbo,television with show playing,546,23.785829544067383,4.911399841308594,7.385708000001614,
sdxl-turbo,television with show playing,557,23.156695067882538,5.278430461883545,7.2521393339993665,
sdxl-turbo,television with show playing,562,25.219815969467163,5.100980758666992,7.2856202499970095,
sdxl-turbo,television with show playing,566,25.167053937911987,5.968968391418457,7.432259250002971,
sdxl-turbo,television with show playing,574,25.223255157470703,4.881894111633301,7.0965314589993795,
sdxl-turbo,television with show playing,582,23.67333471775055,4.796538352966309,7.129041000000143,
sdxl-turbo,television with show playing,598,23.805946111679077,5.115602493286133,9.347605542003294,
sdxl-turbo,television with show playing,617,22.945329546928406,5.105098724365234,8.535578457995143,
sdxl-turbo,television with show playing,626,22.284209728240967,5.484956741333008,8.777637665996735,
sdxl-turbo,television with show playing,627,22.93437570333481,5.03666877746582,23.913214042004256,
sdxl-turbo,television with show playing,634,22.985272109508514,5.516101360321045,17.59906591699837,
sdxl-turbo,television with show playing,641,21.909500658512115,5.259146690368652,15.387736333002977,
sdxl-turbo,television with show playing,656,25.183027982711792,4.986976623535156,11.174379709002096,
sdxl-turbo,television with show playing,685,24.02293086051941,5.012475490570068,9.818487374999677,
sdxl-turbo,television with show playing,701,23.29842746257782,5.011605262756348,10.814309583001886,
sdxl-turbo,television with show playing,721,22.940006852149963,4.999958038330078,11.270780833001481,
sdxl-turbo,television with show playing,723,23.610541224479675,5.016190052032471,16.798889459001657,
sdxl-turbo,television with show playing,728,23.297181725502014,5.245450973510742,10.664889707994007,
sdxl-turbo,television with show playing,737,23.520731925964355,4.918371677398682,7.432539999994333,
sdxl-turbo,television with show playing,748,23.059560358524323,5.013325214385986,7.149332792003406,
sdxl-turbo,television with show playing,774,23.923927545547485,5.256231307983398,7.597711666006944,
sdxl-turbo,television with show playing,777,23.146602511405945,5.207866668701172,8.210530582997308,
sdxl-turbo,television with show playing,803,23.64513874053955,5.42254638671875,8.59057495900197,
sdxl-turbo,television with show playing,804,24.42171424627304,5.113124847412109,9.381731875000696,
sdxl-turbo,television with show playing,819,23.950256407260895,5.277042865753174,9.334003707997908,
sdxl-turbo,television with show playing,823,23.471656441688538,5.133083820343018,13.76412474999961,
sdxl-turbo,television with show playing,825,24.424731731414795,5.262920379638672,13.12896183400153,
sdxl-turbo,television with show playing,830,22.710716724395752,5.260566711425781,9.065741458005505,
sdxl-turbo,television with show playing,845,24.09919798374176,5.393365859985352,11.142919584002811,
sdxl-turbo,television with show playing,848,23.435452580451965,5.086515426635742,13.70679045900033,
sdxl-turbo,television with show playing,850,23.778383433818817,5.127368450164795,11.330230291001499,
sdxl-turbo,television with show playing,861,24.40185844898224,5.188350200653076,18.415994540999236,
sdxl-turbo,television with show playing,865,23.654091358184814,5.125550746917725,11.748813792000874,
sdxl-turbo,television with show playing,871,24.31643307209015,5.221793174743652,17.898681959006353,
sdxl-turbo,television with show playing,887,23.661315441131592,5.3131489753723145,25.52444833300251,
sdxl-turbo,television with show playing,889,23.44401925802231,5.092212200164795,15.879559708002489,
sdxl-turbo,television with show playing,892,23.82323443889618,5.25184440612793,11.485685833002208,
sdxl-turbo,television with show playing,897,24.188649654388428,5.077371597290039,15.8752129170025,
sdxl-turbo,television with show playing,910,23.194026947021484,5.264522552490234,27.999994249999872,
sdxl-turbo,television with show playing,912,24.78775382041931,5.19983434677124,20.288887665999937,
sdxl-turbo,television with show playing,914,20.755697786808014,5.485842227935791,12.87906812500296,
sdxl-turbo,television with show playing,921,22.784236073493958,5.095756530761719,14.32105870799569,
sdxl-turbo,television with show playing,924,23.995453119277954,5.5123209953308105,20.0244251250042,
sdxl-turbo,television with show playing,930,23.177726566791534,5.396245002746582,11.833437749999575,
sdxl-turbo,television with show playing,932,23.122921586036682,5.139008522033691,11.54297370799759,
sdxl-turbo,television with show playing,935,22.488053143024445,5.4378581047058105,19.528341458004434,
sdxl-turbo,television with show playing,941,23.094715178012848,5.183443546295166,15.005032959001255,
sdxl-turbo,television with show playing,961,23.82294535636902,5.202970027923584,25.562973000000056,
sdxl-turbo,television with show playing,985,21.783192455768585,5.8625640869140625,13.91590300000098,
sdxl-turbo,television with show playing,989,24.60133135318756,5.158044338226318,12.629504707998422,
dreamshaper-lcm,car,2,18.25297474861145,4.772729396820068,24.406921207992127,/Users/kevingeng07/Reffusion Project/benchmark/output/images/dreamshaper-lcm/car/seed_2.png
dreamshaper-lcm,car,15,22.083918750286102,5.3855485916137695,22.46454816700134,/Users/kevingeng07/Reffusion Project/benchmark/output/images/dreamshaper-lcm/car/seed_15.png
dreamshaper-lcm,car,42,21.81074470281601,5.184140205383301,21.782466667005792,/Users/kevingeng07/Reffusion Project/benchmark/output/images/dreamshaper-lcm/car/seed_42.png
dreamshaper-lcm,car,64,20.877227187156677,4.925369739532471,23.440354457998183,/Users/kevingeng07/Reffusion Project/benchmark/output/images/dreamshaper-lcm/car/seed_64.png
dreamshaper-lcm,car,65,21.279115974903107,5.516176223754883,21.834889582998585,/Users/kevingeng07/Reffusion Project/benchmark/output/images/dreamshaper-lcm/car/seed_65.png
dreamshaper-lcm,car,76,22.95982539653778,5.941549301147461,22.600739834000706,
dreamshaper-lcm,car,83,23.340897262096405,5.246890068054199,21.989213250009925,
dreamshaper-lcm,car,94,21.259185671806335,5.144847393035889,21.119467000011355,
dreamshaper-lcm,car,96,19.79706883430481,5.128203392028809,22.036504583986243,
dreamshaper-lcm,car,98,22.3785400390625,5.526446342468262,21.068867082998622,
dreamshaper-lcm,car,102,21.62799835205078,5.194751739501953,21.81420895901101,
dreamshaper-lcm,car,104,21.74791395664215,5.047552108764648,20.9503560840094,
dreamshaper-lcm,car,143,21.463948488235474,5.161787986755371,21.75900874999934,
dreamshaper-lcm,car,144,21.765968203544617,4.621506690979004,21.565528207996977,
dreamshaper-lcm,car,146,20.63765525817871,4.708677291870117,22.629813541003386,
dreamshaper-lcm,car,151,19.334980845451355,4.5834197998046875,22.611117124994053,
dreamshaper-lcm,car,196,21.443261206150055,5.444038391113281,23.821857917006128,
dreamshaper-lcm,car,210,18.971918523311615,4.862905979156494,22.04347862499708,
dreamshaper-lcm,car,224,21.611449122428894,5.4271392822265625,21.025633084005676,
dreamshaper-lcm,car,228,22.42744117975235,5.171557903289795,21.21658020900213,
dreamshaper-lcm,car,245,24.2704376578331,5.785152912139893,22.009429791010916,
dreamshaper-lcm,car,250,22.206410765647888,5.659474849700928,21.353824833000544,
dreamshaper-lcm,car,257,21.64328396320343,4.3621063232421875,22.263641290992382,
dreamshaper-lcm,car,266,21.65618985891342,5.762299537658691,21.296622624999145,
dreamshaper-lcm,car,267,22.072550654411316,5.219654083251953,21.656804917001864,
dreamshaper-lcm,car,289,21.028849482536316,4.661555290222168,21.25012191699352,
dreamshaper-lcm,car,311,19.88072395324707,4.655851364135742,24.176304124994203,
dreamshaper-lcm,car,318,21.317581832408905,5.236537456512451,22.17230049999489,
dreamshaper-lcm,car,324,21.06199860572815,5.533437728881836,21.923132083000382,
dreamshaper-lcm,car,328,22.77923822402954,4.615695953369141,21.26093920900894,
dreamshaper-lcm,car,334,22.539500892162323,5.549380302429199,21.83232533300179,
dreamshaper-lcm,car,339,19.660866260528564,4.903702735900879,22.73137537499133,
dreamshaper-lcm,car,342,19.88551914691925,5.089163303375244,21.84165058399958,
dreamshaper-lcm,car,363,21.204355359077454,5.076305389404297,22.41237608299707,
dreamshaper-lcm,car,367,19.975653290748596,4.548437595367432,21.303029333008453,
dreamshaper-lcm,car,395,22.97183871269226,5.436801910400391,22.031773834009073,
dreamshaper-lcm,car,409,21.73994481563568,5.24247407913208,21.11681912500353,
dreamshaper-lcm,car,415,22.602495551109314,5.208890914916992,22.063191082997946,
dreamshaper-lcm,car,431,23.187489807605743,5.608968257904053,21.70789145899471,
dreamshaper-lcm,car,445,24.320513010025024,5.797741413116455,21.857798750002985,
dreamshaper-lcm,car,454,22.39067852497101,6.243927955627441,21.479479874993558,
dreamshaper-lcm,car,459,18.415281176567078,4.988448143005371,20.88814325000567,
dreamshaper-lcm,car,484,22.02519327402115,4.88309383392334,22.09432887499861,
dreamshaper-lcm,car,489,22.75894433259964,5.552095413208008,21.30507545900764,
dreamshaper-lcm,car,498,23.659057915210724,5.439475059509277,21.179276374998153,
dreamshaper-lcm,car,506,21.92271053791046,4.989830017089844,23.413416958996095,
dreamshaper-lcm,car,517,22.614407539367676,5.426120758056641,229.74566637499083,
dreamshaper-lcm,car,521,21.56674563884735,5.265661239624023,29.917396167002153,
dreamshaper-lcm,car,524,19.732360541820526,5.65626335144043,36.04965554201044,
dreamshaper-lcm,car,534,19.35618966817856,5.127215385437012,24.610595040998305,
dreamshaper-lcm,car,546,21.361522376537323,4.653323173522949,23.669657124992227,
dreamshaper-lcm,car,557,22.155769169330597,5.335631370544434,25.200333665998187,
dreamshaper-lcm,car,562,22.314803302288055,5.155450344085693,24.513258791994303,
dreamshaper-lcm,car,566,20.349599421024323,5.3233160972595215,23.328841041002306,
dreamshaper-lcm,car,574,22.286362946033478,4.907675743103027,23.586354541999754,
dreamshaper-lcm,car,582,21.308061480522156,5.2366108894348145,38.27344020799501,
dreamshaper-lcm,car,598,20.965512096881866,5.202095985412598,47.41577854199568,
dreamshaper-lcm,car,617,19.638292491436005,4.788660526275635,82.57084691700584,
dreamshaper-lcm,car,626,23.1637179851532,4.793166160583496,30.075101125010406,
dreamshaper-lcm,car,627,22.284722328186035,5.673176288604736,32.28187366700149,
dreamshaper-lcm,car,634,20.451855659484863,5.728122711181641,26.88715225001215,
dreamshaper-lcm,car,641,23.164737224578857,4.872278690338135,31.34512029099278,
dreamshaper-lcm,car,656,20.135203003883362,5.556546211242676,24.713522709003882,
dreamshaper-lcm,car,685,22.517849504947662,4.961332321166992,35.40091037499951,
dreamshaper-lcm,car,701,19.848714768886566,4.700202941894531,34.35463566699764,
dreamshaper-lcm,car,721,23.689933121204376,4.424444675445557,31.5194421250053,
dreamshaper-lcm,car,723,21.523503959178925,5.766177177429199,36.726124875000096,
dreamshaper-lcm,car,728,19.7912335395813,5.645713806152344,24.810752000004868,
dreamshaper-lcm,car,737,20.732462406158447,5.098043441772461,24.34654500000761,
dreamshaper-lcm,car,748,21.249988675117493,5.060758590698242,28.504735082999105,
dreamshaper-lcm,car,774,21.781077980995178,5.022637844085693,22.789616624999326,
dreamshaper-lcm,car,777,21.653205156326294,4.78330135345459,24.036556042003212,
dreamshaper-lcm,car,803,20.54031789302826,5.305877685546875,22.820031875002314,
dreamshaper-lcm,car,804,23.66015911102295,5.439911842346191,25.176099791991874,
dreamshaper-lcm,car,819,18.300122022628784,4.9450297355651855,26.420696832996327,
dreamshaper-lcm,car,823,22.134602069854736,5.125250816345215,26.296682290994795,
dreamshaper-lcm,car,825,23.05997610092163,5.60125732421875,30.392970457993215,
dreamshaper-lcm,car,830,20.03941833972931,4.353471755981445,22.70954941600212,
dreamshaper-lcm,car,845,21.449682116508484,4.963710308074951,24.017996332986513,
dreamshaper-lcm,car,848,21.98069393634796,5.342190265655518,23.634480375010753,
dreamshaper-lcm,car,850,21.48837447166443,4.838375568389893,21.062464458998875,
dreamshaper-lcm,car,861,21.734759211540222,5.5043745040893555,22.214381957994192,
dreamshaper-lcm,car,865,21.7793807387352,5.428483486175537,21.19374999999127,
dreamshaper-lcm,car,871,20.880258083343506,4.899007320404053,21.848289415996987,
dreamshaper-lcm,car,887,19.115103781223297,5.012660980224609,24.075399458000902,
dreamshaper-lcm,car,889,21.12978994846344,5.204627990722656,22.919890165998368,
dreamshaper-lcm,car,892,21.513880789279938,4.592201232910156,22.26969725001254,
dreamshaper-lcm,car,897,22.08154797554016,4.975861072540283,22.221289334003814,
dreamshaper-lcm,car,910,20.55492252111435,5.3124494552612305,21.404475167000783,
dreamshaper-lcm,car,912,23.609261214733124,4.981789588928223,20.88341725000646,
dreamshaper-lcm,car,914,21.579784154891968,5.027095794677734,20.623924166007782,
dreamshaper-lcm,car,921,21.741603314876556,4.726691246032715,21.374556083988864,
dreamshaper-lcm,car,924,20.932936668395996,5.650611877441406,22.01261412499298,
dreamshaper-lcm,car,930,17.59043186903,5.028246879577637,23.643941333008115,
dreamshaper-lcm,car,932,23.164087533950806,5.395946025848389,20.84574733300542,
dreamshaper-lcm,car,935,22.443899512290955,5.474193096160889,24.41763333400013,
dreamshaper-lcm,car,941,21.16541415452957,4.843075275421143,27.72153262500069,
dreamshaper-lcm,car,961,20.70939838886261,5.636684417724609,26.623451125007705,
dreamshaper-lcm,car,985,20.97463458776474,5.748552322387695,25.096611542001483,
dreamshaper-lcm,car,989,21.743373572826385,5.657052993774414,26.391108667012304,
dreamshaper-lcm,caucasian male,2,24.300146102905273,7.054601669311523,24.170262250001542,/Users/kevingeng07/Reffusion Project/benchmark/output/images/dreamshaper-lcm/caucasian-male/seed_2.png
dreamshaper-lcm,caucasian male,15,25.408992171287537,7.176626682281494,22.70827787500457,/Users/kevingeng07/Reffusion Project/benchmark/output/images/dreamshaper-lcm/caucasian-male/seed_15.png
dreamshaper-lcm,caucasian male,42,25.612926483154297,7.422303676605225,21.771888583010877,/Users/kevingeng07/Reffusion Project/benchmark/output/images/dreamshaper-lcm/caucasian-male/seed_42.png
dreamshaper-lcm,caucasian male,64,23.0078786611557,7.126837730407715,21.708546707988717,/Users/kevingeng07/Reffusion Project/benchmark/output/images/dreamshaper-lcm/caucasian-male/seed_64.png
dreamshaper-lcm,caucasian male,65,24.301421642303467,7.369814872741699,22.30701437499374,/Users/kevingeng07/Reffusion Project/benchmark/output/images/dreamshaper-lcm/caucasian-male/seed_65.png
dreamshaper-lcm,caucasian male,76,24.130356311798096,6.987581253051758,22.21966233299463,
dreamshaper-lcm,caucasian male,83,25.791513919830322,6.871962547302246,21.602317791999667,
dreamshaper-lcm,caucasian male,94,24.261076748371124,7.191972732543945,22.07986179200816,
dreamshaper-lcm,caucasian male,96,25.086259841918945,7.02262020111084,21.89724337500229,
dreamshaper-lcm,caucasian male,98,25.128087401390076,7.257349967956543,21.184837708002306,
dreamshaper-lcm,caucasian male,102,25.738492608070374,7.003564834594727,23.718499750000774,
dreamshaper-lcm,caucasian male,104,23.883122205734253,6.874157905578613,23.611953500003438,
dreamshaper-lcm,caucasian male,143,24.431975185871124,7.503114223480225,27.06384249999246,
dreamshaper-lcm,caucasian male,144,23.84377419948578,7.224011421203613,24.354724082993926,
dreamshaper-lcm,caucasian male,146,24.05245304107666,7.072772979736328,24.51750533300219,
dreamshaper-lcm,caucasian male,151,25.361141562461853,6.758422374725342,25.038440082993475,
dreamshaper-lcm,caucasian male,196,23.57131540775299,6.966024875640869,22.286991582994233,
dreamshaper-lcm,caucasian male,210,26.08257830142975,7.017988204956055,34.958717832996626,
dreamshaper-lcm,caucasian male,224,25.971466302871704,7.039211273193359,31.826597750012297,
dreamshaper-lcm,caucasian male,228,23.986078798770905,6.9212646484375,28.063667624999653,
dreamshaper-lcm,caucasian male,245,22.749629616737366,7.906822204589844,39.313446875006775,
dreamshaper-lcm,caucasian male,250,23.44033122062683,7.570634841918945,42.739552250001,
dreamshaper-lcm,caucasian male,257,22.58339822292328,7.660833358764648,44.350250583011075,
dreamshaper-lcm,caucasian male,266,24.20589178800583,6.842069625854492,55.7343585829949,
dreamshaper-lcm,caucasian male,267,24.649059772491455,7.345736026763916,31.78265670800465,
dreamshaper-lcm,caucasian male,289,25.342917442321777,7.316206455230713,24.2713135840022,
dreamshaper-lcm,caucasian male,311,22.61129319667816,7.210904121398926,23.278929499996593,
dreamshaper-lcm,caucasian male,318,23.30300807952881,7.376521110534668,23.547537040998577,
dreamshaper-lcm,caucasian male,324,24.48996603488922,7.568655490875244,25.54212491599901,
dreamshaper-lcm,caucasian male,328,25.817114114761353,7.441956520080566,22.047484209004324,
dreamshaper-lcm,caucasian male,334,23.206868767738342,7.27241849899292,20.916035040994757,
dreamshaper-lcm,caucasian male,339,24.73945915699005,6.592986583709717,25.937004999999772,
dreamshaper-lcm,caucasian male,342,25.019675493240356,7.273265838623047,21.92556999999215,
dreamshaper-lcm,caucasian male,363,25.969141721725464,7.268747329711914,25.913555917009944,
dreamshaper-lcm,caucasian male,367,25.93907117843628,7.138428688049316,33.37736762499844,
dreamshaper-lcm,caucasian male,395,21.322737634181976,7.290960311889648,32.87618179200217,
dreamshaper-lcm,caucasian male,409,24.973133206367493,7.331544876098633,32.637075291990186,
dreamshaper-lcm,caucasian male,415,24.80398416519165,7.011406898498535,26.635443209001096,
dreamshaper-lcm,caucasian male,431,21.76510989665985,7.037920951843262,24.25750579200394,
dreamshaper-lcm,caucasian male,445,24.983106553554535,7.356374740600586,23.255050790990936,
dreamshaper-lcm,caucasian male,454,27.645817399024963,7.231098651885986,21.608783917006804,
dreamshaper-lcm,caucasian male,459,25.51073431968689,7.0503387451171875,23.468085250002332,
dreamshaper-lcm,caucasian male,484,21.46124839782715,7.240543842315674,24.524146458003088,
dreamshaper-lcm,caucasian male,489,21.458591520786285,7.344429016113281,24.0101550410036,
dreamshaper-lcm,caucasian male,498,23.875440657138824,7.430273056030273,22.898615250000148,
dreamshaper-lcm,caucasian male,506,24.46219176054001,7.081653594970703,24.71543091700005,
dreamshaper-lcm,caucasian male,517,25.255119800567627,7.212172508239746,27.318861042003846,
dreamshaper-lcm,caucasian male,521,25.044453144073486,7.143847465515137,24.283286916994257,
dreamshaper-lcm,caucasian male,524,24.617093801498413,7.143316268920898,24.230921833004686,
dreamshaper-lcm,caucasian male,534,25.711485743522644,7.476476669311523,23.594112291000783,
dreamshaper-lcm,caucasian male,546,24.820789694786072,7.24981689453125,22.57535741699394,
dreamshaper-lcm,caucasian male,557,25.53173303604126,6.9630279541015625,23.496826417002012,
dreamshaper-lcm,caucasian male,562,23.20939749479294,7.4673943519592285,26.549070458000642,
dreamshaper-lcm,caucasian male,566,25.93827247619629,6.931665897369385,26.1103220829973,
dreamshaper-lcm,caucasian male,574,25.508975982666016,7.003966331481934,22.701446875013062,
dreamshaper-lcm,caucasian male,582,24.943411350250244,7.533405780792236,23.683514125004876,
dreamshaper-lcm,caucasian male,598,25.792255997657776,6.803828239440918,23.502205500000855,
dreamshaper-lcm,caucasian male,617,23.56232851743698,7.555085182189941,22.246925583996926,
dreamshaper-lcm,caucasian male,626,25.37567913532257,7.218851089477539,22.429500500002177,
dreamshaper-lcm,caucasian male,627,24.620187282562256,7.22929573059082,22.763430791004794,
dreamshaper-lcm,caucasian male,634,24.623794853687286,7.16491174697876,23.98137474998657,
dreamshaper-lcm,caucasian male,641,25.91010332107544,7.176974296569824,24.913450041000033,
dreamshaper-lcm,caucasian male,656,24.118158221244812,7.487095832824707,23.06385725000291,
dreamshaper-lcm,caucasian male,685,24.763283133506775,6.938536643981934,24.38392737500544,
dreamshaper-lcm,caucasian male,701,24.913258850574493,7.342441558837891,22.92184416699456,
dreamshaper-lcm,caucasian male,721,24.190762639045715,7.553946495056152,23.159543375004432,
dreamshaper-lcm,caucasian male,723,23.82620871067047,7.361748695373535,21.99290137499338,
dreamshaper-lcm,caucasian male,728,24.32100921869278,7.330114364624023,28.490465542010497,
dreamshaper-lcm,caucasian male,737,23.98305982351303,7.112942695617676,34.24826683300489,
dreamshaper-lcm,caucasian male,748,25.886806845664978,6.734946250915527,23.335362666999572,
dreamshaper-lcm,caucasian male,774,25.206702947616577,7.431033611297607,27.361517083991203,
dreamshaper-lcm,caucasian male,777,24.74464178085327,7.345252990722656,26.0693344159954,
dreamshaper-lcm,caucasian male,803,26.02364718914032,7.369420051574707,23.735469041988836,
dreamshaper-lcm,caucasian male,804,23.938296735286713,7.260463714599609,22.610597792008775,
dreamshaper-lcm,caucasian male,819,25.51509737968445,7.434751510620117,26.130812791001517,
dreamshaper-lcm,caucasian male,823,24.549587070941925,6.80510139465332,26.845531334009138,
dreamshaper-lcm,caucasian male,825,24.703210592269897,7.304141044616699,26.32736950000981,
dreamshaper-lcm,caucasian male,830,22.36015498638153,7.388599395751953,23.995939874992473,
dreamshaper-lcm,caucasian male,845,26.923072338104248,7.1435370445251465,22.39079733300605,
dreamshaper-lcm,caucasian male,848,22.94803261756897,7.6073808670043945,23.646623541993904,
dreamshaper-lcm,caucasian male,850,23.27008843421936,7.54700231552124,25.071871291991556,
dreamshaper-lcm,caucasian male,861,25.0,7.091793060302734,22.06579929101281,
dreamshaper-lcm,caucasian male,865,24.560336768627167,7.205939292907715,22.871069750006427,
dreamshaper-lcm,caucasian male,871,23.93357753753662,7.523168087005615,22.09956258299644,
dreamshaper-lcm,caucasian male,887,24.39383864402771,7.041935920715332,21.738217291000183,
dreamshaper-lcm,caucasian male,889,24.83741044998169,7.207010269165039,22.8200065419951,
dreamshaper-lcm,caucasian male,892,25.760039687156677,7.296219825744629,23.494869040994672,
dreamshaper-lcm,caucasian male,897,23.440422117710114,7.383655548095703,21.505390332997194,
dreamshaper-lcm,caucasian male,910,25.139212608337402,7.443737506866455,22.334729958005482,
dreamshaper-lcm,caucasian male,912,24.416296184062958,7.138232231140137,23.016459499995108,
dreamshaper-lcm,caucasian male,914,24.369555711746216,7.403011322021484,23.951988374989014,
dreamshaper-lcm,caucasian male,921,23.25209081172943,7.336339950561523,23.569759874997544,
dreamshaper-lcm,caucasian male,924,23.671074211597443,7.232738971710205,22.71218862500973,
dreamshaper-lcm,caucasian male,930,24.222569167613983,7.559136390686035,21.691646583989495,
dreamshaper-lcm,caucasian male,932,24.324005842208862,7.102763652801514,24.840967166994233,
dreamshaper-lcm,caucasian male,935,25.264477729797363,7.43305778503418,23.0922972499975,
dreamshaper-lcm,caucasian male,941,23.88286590576172,7.328272819519043,23.84639087499818,
dreamshaper-lcm,caucasian male,961,24.890469014644623,7.315153121948242,22.091636375000235,
dreamshaper-lcm,caucasian male,985,23.235535621643066,7.4027276039123535,21.68197441700613,
dreamshaper-lcm,caucasian male,989,24.819934368133545,7.1629133224487305,22.891523667,
dreamshaper-lcm,city landscape,2,22.91525900363922,7.014883518218994,23.58053266700881,/Users/kevingeng07/Reffusion Project/benchmark/output/images/dreamshaper-lcm/city-landscape/seed_2.png
dreamshaper-lcm,city landscape,15,22.519482672214508,6.996173858642578,21.30533491600363,/Users/kevingeng07/Reffusion Project/benchmark/output/images/dreamshaper-lcm/city-landscape/seed_15.png
dreamshaper-lcm,city landscape,42,21.694062650203705,6.410364151000977,26.89279279099719,/Users/kevingeng07/Reffusion Project/benchmark/output/images/dreamshaper-lcm/city-landscape/seed_42.png
dreamshaper-lcm,city landscape,64,22.93083369731903,6.727809906005859,23.76029799999378,/Users/kevingeng07/Reffusion Project/benchmark/output/images/dreamshaper-lcm/city-landscape/seed_64.png
dreamshaper-lcm,city landscape,65,21.342477202415466,6.371033191680908,27.128052750005736,/Users/kevingeng07/Reffusion Project/benchmark/output/images/dreamshaper-lcm/city-landscape/seed_65.png
dreamshaper-lcm,city landscape,76,20.1826810836792,6.138453483581543,34.19598200000473,
dreamshaper-lcm,city landscape,83,21.878254413604736,6.621155738830566,42.40209570901061,
dreamshaper-lcm,city landscape,94,20.67018449306488,6.277795791625977,40.23638466700504,
dreamshaper-lcm,city landscape,96,22.786614298820496,6.610500812530518,35.087987666993286,
dreamshaper-lcm,city landscape,98,20.48642933368683,6.692252159118652,27.804733416996896,
dreamshaper-lcm,city landscape,102,20.070280134677887,6.445250511169434,32.028582166996785,
dreamshaper-lcm,city landscape,104,22.220537066459656,6.452000141143799,43.01684845800628,
dreamshaper-lcm,city landscape,143,20.3388050198555,6.36117696762085,43.55189633400005,
dreamshaper-lcm,city landscape,144,20.47306001186371,6.705372333526611,38.73818633300834,
dreamshaper-lcm,city landscape,146,20.734097063541412,6.797246932983398,40.880210083996644,
dreamshaper-lcm,city landscape,151,21.5609148144722,6.616677284240723,28.17903962499986,
dreamshaper-lcm,city landscape,196,21.17777019739151,6.1198649406433105,24.904843500000425,
dreamshaper-lcm,city landscape,210,21.394696831703186,7.0539140701293945,25.082831166000688,
dreamshaper-lcm,city landscape,224,22.05885350704193,6.752626419067383,30.521287415991537,
dreamshaper-lcm,city landscape,228,22.573357820510864,6.8609771728515625,36.75462058300036,
dreamshaper-lcm,city landscape,245,19.99461054801941,6.182975769042969,34.38367825000023,
dreamshaper-lcm,city landscape,250,22.888922691345215,6.784432411193848,29.03196895799192,
dreamshaper-lcm,city landscape,257,21.259725093841553,6.107020854949951,40.56728520800243,
dreamshaper-lcm,city landscape,266,20.11674791574478,6.654454231262207,48.663180292001925,
dreamshaper-lcm,city landscape,267,20.422348380088806,6.704893589019775,50.75172049998946,
dreamshaper-lcm,city landscape,289,21.747751533985138,6.631490707397461,40.19582150000497,
dreamshaper-lcm,city landscape,311,20.33684104681015,6.961694240570068,41.30902424998931,
dreamshaper-lcm,city landscape,318,21.625912189483643,6.397027969360352,31.985919040991575,
dreamshaper-lcm,city landscape,324,20.332759618759155,6.809056282043457,48.46175375000166,
dreamshaper-lcm,city landscape,328,21.369940042495728,6.892923355102539,53.620863959004055,
dreamshaper-lcm,city landscape,334,21.15635573863983,6.3298163414001465,36.91441204199509,
dreamshaper-lcm,city landscape,339,20.77772468328476,6.600543022155762,31.219181917011156,
dreamshaper-lcm,city landscape,342,23.098887503147125,6.721420764923096,51.046521917000064,
dreamshaper-lcm,city landscape,363,18.766865134239197,6.113537788391113,47.32008108300215,
dreamshaper-lcm,city landscape,367,22.369346022605896,6.7214436531066895,30.154876125001465,
dreamshaper-lcm,city landscape,395,23.157858848571777,6.987892150878906,50.05652270800783,
dreamshaper-lcm,city landscape,409,20.74999511241913,7.071144104003906,46.477368042003945,
dreamshaper-lcm,city landscape,415,21.18186503648758,6.79350471496582,35.5314317500015,
dreamshaper-lcm,city landscape,431,20.325879752635956,6.337428092956543,36.56975862500258,
dreamshaper-lcm,city landscape,445,21.411947906017303,6.33126163482666,40.89887029200327,
dreamshaper-lcm,city landscape,454,21.298184990882874,6.671421051025391,30.03502770799969,
dreamshaper-lcm,city landscape,459,22.663258016109467,6.445330619812012,45.40196175000165,
dreamshaper-lcm,city landscape,484,19.449755549430847,6.5009965896606445,37.35359683299612,
dreamshaper-lcm,city landscape,489,20.67028284072876,6.673201560974121,32.78226345800795,
dreamshaper-lcm,city landscape,498,21.531084179878235,6.9128923416137695,41.260514624998905,
dreamshaper-lcm,city landscape,506,21.519044041633606,6.893113136291504,27.94581408299564,
dreamshaper-lcm,city landscape,517,20.572030544281006,6.66253662109375,23.616945457994007,
dreamshaper-lcm,city landscape,521,21.868620812892914,6.508662223815918,25.231209625009797,
dreamshaper-lcm,city landscape,524,20.96298336982727,6.573867321014404,21.600369749998208,
dreamshaper-lcm,city landscape,534,22.944729030132294,6.481472969055176,22.966835792001802,
dreamshaper-lcm,city landscape,546,19.749608635902405,6.731762886047363,22.588601875002496,
dreamshaper-lcm,city landscape,557,20.238694548606873,6.182209014892578,24.66927429199859,
dreamshaper-lcm,city landscape,562,19.52001452445984,6.613368034362793,21.680675666008028,
dreamshaper-lcm,city landscape,566,20.63777446746826,6.29366397857666,23.560634916007984,
dreamshaper-lcm,city landscape,574,19.25223469734192,6.067842483520508,21.694757459001266,
dreamshaper-lcm,city landscape,582,21.3994562625885,6.652740001678467,22.581252083007712,
dreamshaper-lcm,city landscape,598,22.112292051315308,6.206480026245117,23.510569457997917,
dreamshaper-lcm,city landscape,617,21.378907561302185,6.999317169189453,29.84463437499653,
dreamshaper-lcm,city landscape,626,21.13472819328308,6.967271327972412,25.99780587499845,
dreamshaper-lcm,city landscape,627,21.524646878242493,6.424625396728516,23.345355415993254,
dreamshaper-lcm,city landscape,634,22.78243899345398,6.356036186218262,23.368845292003243,
dreamshaper-lcm,city landscape,641,21.17292881011963,6.479625701904297,21.890037834004033,
dreamshaper-lcm,city landscape,656,20.76050639152527,6.680838584899902,21.81278779200511,
dreamshaper-lcm,city landscape,685,21.368597447872162,6.303169250488281,22.623668084008386,
dreamshaper-lcm,city landscape,701,20.30642032623291,6.635416030883789,24.188435167001444,
dreamshaper-lcm,city landscape,721,21.143680810928345,6.459814071655273,23.52999887500482,
dreamshaper-lcm,city landscape,723,21.79361879825592,6.488698482513428,23.672852666990366,
dreamshaper-lcm,city landscape,728,20.015686750411987,6.545234680175781,22.261831000010716,
dreamshaper-lcm,city landscape,737,21.13626003265381,6.763115882873535,23.749489041001652,
dreamshaper-lcm,city landscape,748,21.830394864082336,6.7486162185668945,22.818770500001847,
dreamshaper-lcm,city landscape,774,19.90237981081009,6.2665629386901855,22.35510954199708,
dreamshaper-lcm,city landscape,777,21.576175093650818,6.420270919799805,22.789477124999394,
dreamshaper-lcm,city landscape,803,23.10495674610138,6.980230331420898,22.112241458002245,
dreamshaper-lcm,city landscape,804,20.924682915210724,6.562857627868652,23.861625959005323,
dreamshaper-lcm,city landscape,819,19.820891320705414,6.593533515930176,22.201436540999566,
dreamshaper-lcm,city landscape,823,20.793946087360382,6.710497856140137,24.718517084009363,
dreamshaper-lcm,city landscape,825,20.93340754508972,6.651040077209473,22.092165000009118,
dreamshaper-lcm,city landscape,830,20.133015513420105,6.654801845550537,23.282139917006134,
dreamshaper-lcm,city landscape,845,21.107031404972076,6.344833850860596,21.977631874993676,
dreamshaper-lcm,city landscape,848,21.10484093427658,6.380521774291992,22.868817709008,
dreamshaper-lcm,city landscape,850,21.324080228805542,6.475015640258789,22.521920041996054,
dreamshaper-lcm,city landscape,861,19.343528151512146,6.231049060821533,25.345734333997825,
dreamshaper-lcm,city landscape,865,18.949931859970093,6.372323036193848,22.243403250002302,
dreamshaper-lcm,city landscape,871,21.06504738330841,6.97268009185791,22.160174624994397,
dreamshaper-lcm,city landscape,887,21.628060936927795,6.511584281921387,23.283742957995855,
dreamshaper-lcm,city landscape,889,21.013464033603668,6.230079174041748,21.549737833993277,
dreamshaper-lcm,city landscape,892,19.630102813243866,6.501874923706055,23.483511458995054,
dreamshaper-lcm,city landscape,897,20.775943994522095,5.756840705871582,31.75658979199943,
dreamshaper-lcm,city landscape,910,20.27556300163269,6.078010559082031,32.61791608299245,
dreamshaper-lcm,city landscape,912,18.52632761001587,6.598631381988525,23.97113645799982,
dreamshaper-lcm,city landscape,914,19.483642280101776,6.7135725021362305,22.75053587500588,
dreamshaper-lcm,city landscape,921,20.121601223945618,6.266672611236572,21.625254333004705,
dreamshaper-lcm,city landscape,924,20.61436176300049,6.375188827514648,22.336524416998145,
dreamshaper-lcm,city landscape,930,21.995137631893158,6.5458550453186035,20.944643333001295,
dreamshaper-lcm,city landscape,932,22.868913412094116,6.5731353759765625,22.027884082999662,
dreamshaper-lcm,city landscape,935,20.548556745052338,6.537293434143066,21.619249417009996,
dreamshaper-lcm,city landscape,941,22.42918610572815,7.143583297729492,27.27753500000108,
dreamshaper-lcm,city landscape,961,21.890629827976227,7.09377384185791,22.966197415997158,
dreamshaper-lcm,city landscape,985,21.40207141637802,6.563847064971924,21.729014416006976,
dreamshaper-lcm,city landscape,989,22.31619358062744,6.733625411987305,25.84981237500324,
dreamshaper-lcm,northern lights,2,22.750356793403625,6.437106132507324,28.282462707997183,/Users/kevingeng07/Reffusion Project/benchmark/output/images/dreamshaper-lcm/northern-lights/seed_2.png
dreamshaper-lcm,northern lights,15,23.371733725070953,6.420456886291504,27.19583333400078,/Users/kevingeng07/Reffusion Project/benchmark/output/images/dreamshaper-lcm/northern-lights/seed_15.png
dreamshaper-lcm,northern lights,42,23.008085787296295,6.310329437255859,26.844911833002698,/Users/kevingeng07/Reffusion Project/benchmark/output/images/dreamshaper-lcm/northern-lights/seed_42.png
dreamshaper-lcm,northern lights,64,23.124057054519653,6.222531318664551,24.570285584006342,/Users/kevingeng07/Reffusion Project/benchmark/output/images/dreamshaper-lcm/northern-lights/seed_64.png
dreamshaper-lcm,northern lights,65,23.07170331478119,6.259891510009766,26.066312499999185,/Users/kevingeng07/Reffusion Project/benchmark/output/images/dreamshaper-lcm/northern-lights/seed_65.png
dreamshaper-lcm,northern lights,76,22.951696813106537,5.9792399406433105,25.89557879199856,
dreamshaper-lcm,northern lights,83,23.377209901809692,6.52365255355835,36.5364386250003,
dreamshaper-lcm,northern lights,94,23.25730323791504,6.414621353149414,48.87260287499521,
dreamshaper-lcm,northern lights,96,23.844757676124573,6.319037437438965,42.79585045800195,
dreamshaper-lcm,northern lights,98,23.248136043548584,6.148241996765137,44.008683167005074,
dreamshaper-lcm,northern lights,102,23.69564324617386,6.459158897399902,36.81857524999941,
dreamshaper-lcm,northern lights,104,23.00204038619995,6.144899368286133,35.361003415993764,
dreamshaper-lcm,northern lights,143,22.520187497138977,6.194584846496582,36.61561862498638,
dreamshaper-lcm,northern lights,144,22.58899211883545,6.310585975646973,35.65261729199847,
dreamshaper-lcm,northern lights,146,23.86753559112549,6.675968170166016,23.671175707990187,
dreamshaper-lcm,northern lights,151,23.41490089893341,6.364385604858398,23.20580887500546,
dreamshaper-lcm,northern lights,196,23.478081822395325,6.341530799865723,22.601175832998706,
dreamshaper-lcm,northern lights,210,23.53709638118744,6.192183494567871,21.636885040992638,
dreamshaper-lcm,northern lights,224,23.391547799110413,6.2794270515441895,21.8582944170048,
dreamshaper-lcm,northern lights,228,23.15327823162079,6.211503982543945,22.163401917001465,
dreamshaper-lcm,northern lights,245,23.235373198986053,6.134973526000977,22.992939959003706,
dreamshaper-lcm,northern lights,250,23.873651027679443,6.420024871826172,21.737823791001574,
dreamshaper-lcm,northern lights,257,23.741328716278076,6.3021087646484375,23.143341499991948,
dreamshaper-lcm,northern lights,266,23.324188590049744,6.4237565994262695,21.796099167011562,
dreamshaper-lcm,northern lights,267,22.946566343307495,6.2511162757873535,21.293183916001,
dreamshaper-lcm,northern lights,289,23.417262732982635,6.398107051849365,22.229627124994295,
dreamshaper-lcm,northern lights,311,23.702356219291687,6.308307647705078,21.812827542002196,
dreamshaper-lcm,northern lights,318,22.50325381755829,6.448096752166748,21.54295658299816,
dreamshaper-lcm,northern lights,324,22.73508906364441,6.497186660766602,21.093977167009143,
dreamshaper-lcm,northern lights,328,22.27310836315155,6.109849452972412,21.168739707994973,
dreamshaper-lcm,northern lights,334,23.203136026859283,6.304664611816406,21.766329167003278,
dreamshaper-lcm,northern lights,339,23.495566844940186,6.37429666519165,26.329484415997285,
dreamshaper-lcm,northern lights,342,23.19263368844986,6.062376976013184,25.695249999989755,
dreamshaper-lcm,northern lights,363,23.857609927654266,6.404366493225098,22.705360291991383,
dreamshaper-lcm,northern lights,367,23.676446080207825,6.268949508666992,22.436628333991393,
dreamshaper-lcm,northern lights,395,23.001521825790405,6.079056262969971,21.532357082993258,
dreamshaper-lcm,northern lights,409,23.51219952106476,6.483334541320801,21.318921375001082,
dreamshaper-lcm,northern lights,415,23.472723364830017,6.41743278503418,23.605239542011986,
dreamshaper-lcm,northern lights,431,23.525211215019226,6.284701347351074,21.593702499987558,
dreamshaper-lcm,northern lights,445,23.328253626823425,6.288795471191406,22.10227145900717,
dreamshaper-lcm,northern lights,454,24.210330843925476,6.561666011810303,27.16344137499982,
dreamshaper-lcm,northern lights,459,23.072336614131927,6.304914474487305,22.969094208994647,
dreamshaper-lcm,northern lights,484,23.244833946228027,6.430357933044434,21.131258084002184,
dreamshaper-lcm,northern lights,489,22.679144144058228,6.298410415649414,21.65870633299346,
dreamshaper-lcm,northern lights,498,23.611529171466827,6.302556037902832,21.959796166003798,
dreamshaper-lcm,northern lights,506,22.302499413490295,6.1541852951049805,22.325137709005503,
dreamshaper-lcm,northern lights,517,23.528972268104553,6.5528564453125,24.536319458013168,
dreamshaper-lcm,northern lights,521,23.40424507856369,6.35197639465332,21.86060775000078,
dreamshaper-lcm,northern lights,524,22.868284583091736,6.1571526527404785,21.34330116699857,
dreamshaper-lcm,northern lights,534,23.135484755039215,6.1172566413879395,21.92285337499925,
dreamshaper-lcm,northern lights,546,23.271426558494568,6.280355453491211,24.111381000009715,
dreamshaper-lcm,northern lights,557,22.925765812397003,6.2666730880737305,22.822268292002263,
dreamshaper-lcm,northern lights,562,23.09105396270752,6.1650848388671875,22.812519791987143,
dreamshaper-lcm,northern lights,566,23.519551753997803,6.317258834838867,21.287991541990777,
dreamshaper-lcm,northern lights,574,23.45755696296692,6.550296783447266,23.787184333006735,
dreamshaper-lcm,northern lights,582,23.48661720752716,6.145021438598633,22.838500875004684,
dreamshaper-lcm,northern lights,598,23.89964908361435,6.22560977935791,22.49714862499968,
dreamshaper-lcm,northern lights,617,23.677797615528107,6.245426177978516,22.147541124999407,
dreamshaper-lcm,northern lights,626,23.45062345266342,6.520371437072754,21.530490917008137,
dreamshaper-lcm,northern lights,627,22.773583233356476,6.255200386047363,22.44154200000048,
dreamshaper-lcm,northern lights,634,22.893667221069336,6.374737739562988,21.220157832998666,
dreamshaper-lcm,northern lights,641,23.563796281814575,6.6801252365112305,21.268522166006733,
dreamshaper-lcm,northern lights,656,23.46792221069336,6.251354217529297,22.136081499993452,
dreamshaper-lcm,northern lights,685,23.582322895526886,6.373419761657715,22.07238758399035,
dreamshaper-lcm,northern lights,701,23.136284947395325,6.412057399749756,22.055755417008186,
dreamshaper-lcm,northern lights,721,23.479947447776794,6.463083744049072,21.61817079100001,
dreamshaper-lcm,northern lights,723,22.853487730026245,6.251593589782715,22.54260845799581,
dreamshaper-lcm,northern lights,728,22.621823847293854,6.376816749572754,21.244408458995167,
dreamshaper-lcm,northern lights,737,23.414258658885956,6.44595193862915,21.781369208008982,
dreamshaper-lcm,northern lights,748,23.326288163661957,6.324790000915527,22.13540420800564,
dreamshaper-lcm,northern lights,774,23.274077475070953,6.313814163208008,22.68320358400524,
dreamshaper-lcm,northern lights,777,23.38995635509491,6.48012113571167,21.7506967500085,
dreamshaper-lcm,northern lights,803,22.99543023109436,5.972502708435059,21.628399583001737,
dreamshaper-lcm,northern lights,804,24.472561478614807,6.54453706741333,21.41092262500024,
dreamshaper-lcm,northern lights,819,23.329268395900726,6.454801082611084,21.371937040996272,
dreamshaper-lcm,northern lights,823,23.70615005493164,6.606072425842285,21.871051124995574,
dreamshaper-lcm,northern lights,825,23.31238090991974,6.333147048950195,22.019694291986525,
dreamshaper-lcm,northern lights,830,23.986758291721344,6.560602188110352,22.266934207989834,
dreamshaper-lcm,northern lights,845,22.600241005420685,6.191444396972656,21.193933833012125,
dreamshaper-lcm,northern lights,848,23.962843418121338,6.670194625854492,21.830649750001612,
dreamshaper-lcm,northern lights,850,23.79162311553955,6.421195030212402,21.621771040998283,
dreamshaper-lcm,northern lights,861,24.131961166858673,6.685111045837402,22.354508834003354,
dreamshaper-lcm,northern lights,865,22.698292136192322,6.119418144226074,23.03156391599623,
dreamshaper-lcm,northern lights,871,23.253004252910614,6.148853302001953,21.045842125007766,
dreamshaper-lcm,northern lights,887,23.12614619731903,6.294379234313965,21.138974290995975,
dreamshaper-lcm,northern lights,889,23.5175222158432,6.287888526916504,21.591013917000964,
dreamshaper-lcm,northern lights,892,23.34991991519928,6.381645202636719,21.4692353749997,
dreamshaper-lcm,northern lights,897,23.644864559173584,6.742114543914795,59.59245729200484,
dreamshaper-lcm,northern lights,910,23.32017719745636,6.174233913421631,52.043265915999655,
dreamshaper-lcm,northern lights,912,22.63413965702057,6.398446083068848,32.61161074999836,
dreamshaper-lcm,northern lights,914,23.998750746250153,6.422286510467529,22.994030749992817,
dreamshaper-lcm,northern lights,921,23.580199480056763,6.2046027183532715,22.597534667002037,
dreamshaper-lcm,northern lights,924,23.388999700546265,6.463253498077393,21.26735500000359,
dreamshaper-lcm,northern lights,930,23.00339788198471,6.190402984619141,21.187938417002442,
dreamshaper-lcm,northern lights,932,23.4063982963562,6.254697322845459,23.088478750010836,
dreamshaper-lcm,northern lights,935,22.319546341896057,6.282248497009277,24.535518417003914,
dreamshaper-lcm,northern lights,941,23.466381430625916,6.261769771575928,22.07935825000459,
dreamshaper-lcm,northern lights,961,23.962950706481934,6.593471527099609,25.264137209000182,
dreamshaper-lcm,northern lights,985,23.350033164024353,6.504361629486084,22.141284790995996,
dreamshaper-lcm,northern lights,989,23.50272536277771,6.315715789794922,22.703335166996112,
dreamshaper-lcm,television with show playing,2,21.528777480125427,5.217360019683838,24.7265403749916,/Users/kevingeng07/Reffusion Project/benchmark/output/images/dreamshaper-lcm/television-with-show-playing/seed_2.png
dreamshaper-lcm,television with show playing,15,21.579842269420624,5.3828349113464355,22.983303749992047,/Users/kevingeng07/Reffusion Project/benchmark/output/images/dreamshaper-lcm/television-with-show-playing/seed_15.png
dreamshaper-lcm,television with show playing,42,21.993008255958557,5.319280624389648,22.312581999998656,/Users/kevingeng07/Reffusion Project/benchmark/output/images/dreamshaper-lcm/television-with-show-playing/seed_42.png
dreamshaper-lcm,television with show playing,64,22.063474357128143,5.208288192749023,25.01043183398724,/Users/kevingeng07/Reffusion Project/benchmark/output/images/dreamshaper-lcm/television-with-show-playing/seed_64.png
dreamshaper-lcm,television with show playing,65,23.60292077064514,5.598409652709961,24.95529087500472,/Users/kevingeng07/Reffusion Project/benchmark/output/images/dreamshaper-lcm/television-with-show-playing/seed_65.png
dreamshaper-lcm,television with show playing,76,23.494207859039307,5.661064624786377,25.239286416006507,
dreamshaper-lcm,television with show playing,83,21.641257405281067,5.309133529663086,23.49955466699612,
dreamshaper-lcm,television with show playing,94,23.213574290275574,5.147356986999512,21.894823167007416,
dreamshaper-lcm,television with show playing,96,23.212161660194397,4.899972438812256,25.262335541992798,
dreamshaper-lcm,television with show playing,98,22.555845975875854,5.679276466369629,25.670087457998306,
dreamshaper-lcm,television with show playing,102,23.10507744550705,4.826614856719971,26.711346832991694,
dreamshaper-lcm,television with show playing,104,23.973649740219116,5.681519508361816,30.0323695410043,
dreamshaper-lcm,television with show playing,143,20.20670175552368,5.520599365234375,29.956150500001968,
dreamshaper-lcm,television with show playing,144,22.923626005649567,5.323626518249512,28.414951667000423,
dreamshaper-lcm,television with show playing,146,23.089933395385742,5.397725582122803,24.630385416006902,
dreamshaper-lcm,television with show playing,151,23.526865243911743,5.0880126953125,26.340055708002183,
dreamshaper-lcm,television with show playing,196,22.772811353206635,5.141830921173096,27.82753533399955,
dreamshaper-lcm,television with show playing,210,23.90858083963394,5.176405906677246,26.796896999992896,
dreamshaper-lcm,television with show playing,224,25.072568655014038,5.171109676361084,28.57989333300793,
dreamshaper-lcm,television with show playing,228,23.074522614479065,4.777783393859863,24.074695540999528,
dreamshaper-lcm,television with show playing,245,22.925667464733124,5.270443916320801,22.44460583399632,
dreamshaper-lcm,television with show playing,250,22.016170620918274,5.408496856689453,29.585786291005206,
dreamshaper-lcm,television with show playing,257,22.953863441944122,4.839980602264404,25.415557832995546,
dreamshaper-lcm,television with show playing,266,25.182238221168518,4.930261611938477,27.265384165992145,
dreamshaper-lcm,television with show playing,267,22.30282425880432,5.373129844665527,25.92389533300593,
dreamshaper-lcm,television with show playing,289,23.493751883506775,5.161480903625488,26.434008708005422,
dreamshaper-lcm,television with show playing,311,23.276260495185852,5.274672508239746,27.822222458999022,
dreamshaper-lcm,television with show playing,318,24.340835213661194,4.723848342895508,24.810284457998932,
dreamshaper-lcm,television with show playing,324,23.247188329696655,4.950955390930176,26.7739228749997,
dreamshaper-lcm,television with show playing,328,20.88189423084259,5.089725494384766,25.560527291992912,
dreamshaper-lcm,television with show playing,334,22.31093943119049,5.108867645263672,24.29907799999637,
dreamshaper-lcm,television with show playing,339,21.53240740299225,4.837651252746582,23.751791917005903,
dreamshaper-lcm,television with show playing,342,24.502024054527283,4.939085483551025,23.845765749996644,
dreamshaper-lcm,television with show playing,363,21.089011430740356,5.561924934387207,26.19753941700037,
dreamshaper-lcm,television with show playing,367,24.34311956167221,5.442924976348877,25.32159037499514,
dreamshaper-lcm,television with show playing,395,21.221555769443512,5.412957668304443,27.371253375007655,
dreamshaper-lcm,television with show playing,409,22.87786453962326,5.31132173538208,27.514302416995633,
dreamshaper-lcm,television with show playing,415,22.623755037784576,5.813738822937012,24.706179083004827,
dreamshaper-lcm,television with show playing,431,21.410173177719116,5.447935104370117,25.417390374990646,
dreamshaper-lcm,television with show playing,445,23.436804115772247,5.550093650817871,23.058931584004313,
dreamshaper-lcm,television with show playing,454,22.898536920547485,5.332493782043457,24.329882625010214,
dreamshaper-lcm,television with show playing,459,21.97851836681366,4.976243495941162,23.62245283399534,
dreamshaper-lcm,television with show playing,484,21.561282873153687,5.093920707702637,25.201162166995346,
dreamshaper-lcm,television with show playing,489,23.60985428094864,5.180242538452148,25.017421708005713,
dreamshaper-lcm,television with show playing,498,21.63524329662323,5.167983531951904,23.460078583011637,
dreamshaper-lcm,television with show playing,506,22.33436554670334,5.2176713943481445,27.051120374992024,
dreamshaper-lcm,television with show playing,517,23.22746217250824,4.917778491973877,27.85945695800183,
dreamshaper-lcm,television with show playing,521,22.981835901737213,4.962026119232178,24.475826249996317,
dreamshaper-lcm,television with show playing,524,19.18254792690277,6.118358612060547,23.87992129199847,
dreamshaper-lcm,television with show playing,534,25.538915395736694,5.62722110748291,30.180175582994707,
dreamshaper-lcm,television with show playing,546,22.445717453956604,5.2506866455078125,29.265055209005368,
dreamshaper-lcm,television with show playing,557,25.001543760299683,5.137829303741455,25.387156500000856,
dreamshaper-lcm,television with show playing,562,21.693862974643707,5.592826843261719,22.936388166999677,
dreamshaper-lcm,television with show playing,566,24.1551473736763,5.096122741699219,25.78773458300566,
dreamshaper-lcm,television with show playing,574,24.31972771883011,4.993715286254883,25.206317749994923,
dreamshaper-lcm,television with show playing,582,22.113528847694397,5.2209367752075195,24.648175624999567,
dreamshaper-lcm,television with show playing,598,22.175365686416626,5.4648566246032715,41.63819358299952,
dreamshaper-lcm,television with show playing,617,22.73876518011093,4.92338228225708,63.61785000000964,
dreamshaper-lcm,television with show playing,626,21.49813026189804,5.295580863952637,41.128625291996286,
dreamshaper-lcm,television with show playing,627,22.228895127773285,5.262901306152344,41.346615250004106,
dreamshaper-lcm,television with show playing,634,23.373420536518097,5.087129592895508,37.40113825000299,
dreamshaper-lcm,television with show playing,641,21.915310621261597,5.2770538330078125,48.33262250000553,
dreamshaper-lcm,television with show playing,656,22.434985637664795,5.3148193359375,37.443130582993035,
dreamshaper-lcm,television with show playing,685,20.682017505168915,5.356254577636719,33.06431304200669,
dreamshaper-lcm,television with show playing,701,22.484971582889557,5.225057601928711,36.17824979200668,
dreamshaper-lcm,television with show playing,721,21.75329178571701,5.213340759277344,48.52485608299321,
dreamshaper-lcm,television with show playing,723,22.750313580036163,4.817294120788574,37.36221812501026,
dreamshaper-lcm,television with show playing,728,22.478105127811432,5.112085342407227,26.42494495800929,
dreamshaper-lcm,television with show playing,737,22.30389267206192,5.467892169952393,25.398303291003685,
dreamshaper-lcm,television with show playing,748,22.734493017196655,5.2303876876831055,24.51559658300539,
dreamshaper-lcm,television with show playing,774,21.857264637947083,5.309791564941406,28.370705416004057,
dreamshaper-lcm,television with show playing,777,23.582780361175537,5.274889945983887,25.551090999986627,
dreamshaper-lcm,television with show playing,803,21.374785900115967,5.018374443054199,24.639438459009398,
dreamshaper-lcm,television with show playing,804,23.354291915893555,4.214677333831787,24.01288370900147,
dreamshaper-lcm,television with show playing,819,23.793572187423706,5.127854347229004,26.517067124994355,
dreamshaper-lcm,television with show playing,823,23.51287305355072,5.418598651885986,26.23427716700826,
dreamshaper-lcm,television with show playing,825,21.08333259820938,5.641951560974121,27.18745699999272,
dreamshaper-lcm,television with show playing,830,23.845356702804565,4.89851713180542,24.71802754199598,
dreamshaper-lcm,television with show playing,845,21.910330653190613,5.357059001922607,24.82205870799953,
dreamshaper-lcm,television with show playing,848,24.349550902843475,5.050930500030518,22.777402167004766,
dreamshaper-lcm,television with show playing,850,23.532526195049286,5.429389476776123,25.210946624996723,
dreamshaper-lcm,television with show playing,861,21.840064227581024,5.400824069976807,25.9775073339988,
dreamshaper-lcm,television with show playing,865,22.455979883670807,5.336025238037109,22.815208792002522,
dreamshaper-lcm,television with show playing,871,22.478486597537994,5.127530574798584,23.161131375003606,
dreamshaper-lcm,television with show playing,887,22.50220775604248,5.247079849243164,22.91834750000271,
dreamshaper-lcm,television with show playing,889,22.979478538036346,5.359601974487305,21.628065957993385,
dreamshaper-lcm,television with show playing,892,21.393832564353943,4.953954219818115,23.108229666002444,
dreamshaper-lcm,television with show playing,897,23.410308361053467,4.961627006530762,22.14682433300186,
dreamshaper-lcm,television with show playing,910,22.331248223781586,5.239431858062744,23.33770087501034,
dreamshaper-lcm,television with show playing,912,24.03518259525299,5.578374862670898,21.539355125001748,
dreamshaper-lcm,television with show playing,914,23.538348078727722,5.373907566070557,23.52160929099773,
dreamshaper-lcm,television with show playing,921,24.081653356552124,5.256734848022461,24.705176125004073,
dreamshaper-lcm,television with show playing,924,21.6297447681427,5.164957523345947,24.58622862500488,
dreamshaper-lcm,television with show playing,930,22.761231660842896,5.03376579284668,25.93508170900168,
dreamshaper-lcm,television with show playing,932,24.803513288497925,4.52725076675415,26.068609207999543,
dreamshaper-lcm,television with show playing,935,23.247841000556946,4.963869571685791,27.31229429099767,
dreamshaper-lcm,television with show playing,941,21.45068049430847,5.1877055168151855,24.548001750008552,
dreamshaper-lcm,television with show playing,961,20.769798755645752,5.1900177001953125,23.914776167002856,
dreamshaper-lcm,television with show playing,985,20.88630348443985,5.230609893798828,23.94238462499925,
dreamshaper-lcm,television with show playing,989,22.46013730764389,5.023797512054443,25.19476474999101,
